"ingestion_date","product_name","most_ordered_day","is_public_holiday","tt_review_points","pct_one_star_review","pct_two_star_review","pct_three_star_review","pct_four_star_review","pct_five_star_review","pct_early_shipments","pct_late_shipments"
2023-09-23,Armchair,2021-09-27,false,843,7.4733096085409253,6.9988137603795967,6.0498220640569395,7.8291814946619217,5.8125741399762752,84.6774193548387097,15.3225806451612903
2023-09-23,Armchair,2021-09-27,false,843,7.4733096085409253,6.9988137603795967,6.0498220640569395,7.8291814946619217,5.8125741399762752,84.6774193548387097,15.3225806451612903
2023-09-23,Armchair,2021-09-27,false,843,7.4733096085409253,6.9988137603795967,6.0498220640569395,7.8291814946619217,5.8125741399762752,84.6774193548387097,15.3225806451612903
2023-09-23,Armchair,2021-09-27,false,843,7.4733096085409253,6.9988137603795967,6.0498220640569395,7.8291814946619217,5.8125741399762752,84.6774193548387097,15.3225806451612903
2023-09-23,Armchair,2021-09-27,false,843,7.4733096085409253,6.9988137603795967,6.0498220640569395,7.8291814946619217,5.8125741399762752,84.6774193548387097,15.3225806451612903
2023-09-23,Armchair,2021-09-27,false,843,7.4733096085409253,6.9988137603795967,6.0498220640569395,7.8291814946619217,5.8125741399762752,84.6774193548387097,15.3225806451612903
2023-09-23,Armchair,2021-09-27,false,843,7.4733096085409253,6.9988137603795967,6.0498220640569395,7.8291814946619217,5.8125741399762752,84.6774193548387097,15.3225806451612903
2023-09-23,Armchair,2021-09-27,false,843,7.4733096085409253,6.9988137603795967,6.0498220640569395,7.8291814946619217,5.8125741399762752,84.6774193548387097,15.3225806451612903
2023-09-23,Armchair,2021-09-27,false,843,7.4733096085409253,6.9988137603795967,6.0498220640569395,7.8291814946619217,5.8125741399762752,84.6774193548387097,15.3225806451612903
2023-09-23,Armchair,2021-09-27,false,843,7.4733096085409253,6.9988137603795967,6.0498220640569395,7.8291814946619217,5.8125741399762752,84.6774193548387097,15.3225806451612903
2023-09-23,Armchair,2021-09-27,false,843,7.4733096085409253,6.9988137603795967,6.0498220640569395,7.8291814946619217,5.8125741399762752,84.6774193548387097,15.3225806451612903
2023-09-23,Armchair,2021-09-27,false,843,7.4733096085409253,6.9988137603795967,6.0498220640569395,7.8291814946619217,5.8125741399762752,84.6774193548387097,15.3225806451612903
2023-09-23,Armchair,2021-09-27,false,843,7.4733096085409253,6.9988137603795967,6.0498220640569395,7.8291814946619217,5.8125741399762752,84.6774193548387097,15.3225806451612903
2023-09-23,Armchair,2021-09-27,false,843,7.4733096085409253,6.9988137603795967,6.0498220640569395,7.8291814946619217,5.8125741399762752,84.6774193548387097,15.3225806451612903
2023-09-23,Armchair,2021-09-27,false,843,7.4733096085409253,6.9988137603795967,6.0498220640569395,7.8291814946619217,5.8125741399762752,84.6774193548387097,15.3225806451612903
2023-09-23,Armchair,2021-09-27,false,843,7.4733096085409253,6.9988137603795967,6.0498220640569395,7.8291814946619217,5.8125741399762752,84.6774193548387097,15.3225806451612903
2023-09-23,Bed,2021-08-02,false,898,6.4587973273942094,5.7906458797327394,6.9042316258351893,7.2383073496659243,6.4587973273942094,83.2167832167832168,16.7832167832167832
2023-09-23,Bed,2021-08-02,false,898,6.4587973273942094,5.7906458797327394,6.9042316258351893,7.2383073496659243,6.4587973273942094,83.2167832167832168,16.7832167832167832
2023-09-23,Bed,2021-08-02,false,898,6.4587973273942094,5.7906458797327394,6.9042316258351893,7.2383073496659243,6.4587973273942094,83.2167832167832168,16.7832167832167832
2023-09-23,Bed,2021-08-02,false,898,6.4587973273942094,5.7906458797327394,6.9042316258351893,7.2383073496659243,6.4587973273942094,83.2167832167832168,16.7832167832167832
2023-09-23,Bed,2021-08-02,false,898,6.4587973273942094,5.7906458797327394,6.9042316258351893,7.2383073496659243,6.4587973273942094,83.2167832167832168,16.7832167832167832
2023-09-23,Bed,2021-08-02,false,898,6.4587973273942094,5.7906458797327394,6.9042316258351893,7.2383073496659243,6.4587973273942094,83.2167832167832168,16.7832167832167832
2023-09-23,Bed,2021-08-02,false,898,6.4587973273942094,5.7906458797327394,6.9042316258351893,7.2383073496659243,6.4587973273942094,83.2167832167832168,16.7832167832167832
2023-09-23,Bed,2021-08-02,false,898,6.4587973273942094,5.7906458797327394,6.9042316258351893,7.2383073496659243,6.4587973273942094,83.2167832167832168,16.7832167832167832
2023-09-23,Bed,2021-08-02,false,898,6.4587973273942094,5.7906458797327394,6.9042316258351893,7.2383073496659243,6.4587973273942094,83.2167832167832168,16.7832167832167832
2023-09-23,Bed,2021-08-02,false,898,6.4587973273942094,5.7906458797327394,6.9042316258351893,7.2383073496659243,6.4587973273942094,83.2167832167832168,16.7832167832167832
2023-09-23,Bed,2021-08-02,false,898,6.4587973273942094,5.7906458797327394,6.9042316258351893,7.2383073496659243,6.4587973273942094,83.2167832167832168,16.7832167832167832
2023-09-23,Bed,2021-08-02,false,898,6.4587973273942094,5.7906458797327394,6.9042316258351893,7.2383073496659243,6.4587973273942094,83.2167832167832168,16.7832167832167832
2023-09-23,Bed,2021-08-02,false,898,6.4587973273942094,5.7906458797327394,6.9042316258351893,7.2383073496659243,6.4587973273942094,83.2167832167832168,16.7832167832167832
2023-09-23,Bed,2021-08-02,false,898,6.4587973273942094,5.7906458797327394,6.9042316258351893,7.2383073496659243,6.4587973273942094,83.2167832167832168,16.7832167832167832
2023-09-23,Bed,2021-08-02,false,898,6.4587973273942094,5.7906458797327394,6.9042316258351893,7.2383073496659243,6.4587973273942094,83.2167832167832168,16.7832167832167832
2023-09-23,Bed,2021-08-02,false,898,6.4587973273942094,5.7906458797327394,6.9042316258351893,7.2383073496659243,6.4587973273942094,83.2167832167832168,16.7832167832167832
2023-09-23,Bed,2021-08-02,false,898,6.4587973273942094,5.7906458797327394,6.9042316258351893,7.2383073496659243,6.4587973273942094,83.2167832167832168,16.7832167832167832
2023-09-23,Bed,2021-08-02,false,898,6.4587973273942094,5.7906458797327394,6.9042316258351893,7.2383073496659243,6.4587973273942094,83.2167832167832168,16.7832167832167832
2023-09-23,Bed,2021-08-02,false,898,6.4587973273942094,5.7906458797327394,6.9042316258351893,7.2383073496659243,6.4587973273942094,83.2167832167832168,16.7832167832167832
2023-09-23,Bed,2021-08-02,false,898,6.4587973273942094,5.7906458797327394,6.9042316258351893,7.2383073496659243,6.4587973273942094,83.2167832167832168,16.7832167832167832
2023-09-23,Bed,2021-08-02,false,898,6.4587973273942094,5.7906458797327394,6.9042316258351893,7.2383073496659243,6.4587973273942094,83.2167832167832168,16.7832167832167832
2023-09-23,Bed,2021-08-02,false,898,6.4587973273942094,5.7906458797327394,6.9042316258351893,7.2383073496659243,6.4587973273942094,83.2167832167832168,16.7832167832167832
2023-09-23,Bed,2021-08-02,false,898,6.4587973273942094,5.7906458797327394,6.9042316258351893,7.2383073496659243,6.4587973273942094,83.2167832167832168,16.7832167832167832
2023-09-23,Bed,2021-08-02,false,898,6.4587973273942094,5.7906458797327394,6.9042316258351893,7.2383073496659243,6.4587973273942094,83.2167832167832168,16.7832167832167832
2023-09-23,Bed,2021-08-02,false,898,6.4587973273942094,5.7906458797327394,6.9042316258351893,7.2383073496659243,6.4587973273942094,83.2167832167832168,16.7832167832167832
2023-09-23,Bicycle,2021-11-20,false,912,6.2500000000000000,5.4824561403508772,6.5789473684210526,7.6754385964912281,6.4692982456140351,79.7297297297297297,20.2702702702702703
2023-09-23,Bicycle,2021-11-20,false,912,6.2500000000000000,5.4824561403508772,6.5789473684210526,7.6754385964912281,6.4692982456140351,79.7297297297297297,20.2702702702702703
2023-09-23,Bicycle,2021-11-20,false,912,6.2500000000000000,5.4824561403508772,6.5789473684210526,7.6754385964912281,6.4692982456140351,79.7297297297297297,20.2702702702702703
2023-09-23,Bicycle,2021-11-20,false,912,6.2500000000000000,5.4824561403508772,6.5789473684210526,7.6754385964912281,6.4692982456140351,79.7297297297297297,20.2702702702702703
2023-09-23,Bicycle,2021-11-20,false,912,6.2500000000000000,5.4824561403508772,6.5789473684210526,7.6754385964912281,6.4692982456140351,79.7297297297297297,20.2702702702702703
2023-09-23,Bicycle,2021-11-20,false,912,6.2500000000000000,5.4824561403508772,6.5789473684210526,7.6754385964912281,6.4692982456140351,79.7297297297297297,20.2702702702702703
2023-09-23,Bicycle,2021-11-20,false,912,6.2500000000000000,5.4824561403508772,6.5789473684210526,7.6754385964912281,6.4692982456140351,79.7297297297297297,20.2702702702702703
2023-09-23,Bicycle,2021-11-20,false,912,6.2500000000000000,5.4824561403508772,6.5789473684210526,7.6754385964912281,6.4692982456140351,79.7297297297297297,20.2702702702702703
2023-09-23,Bicycle,2021-11-20,false,912,6.2500000000000000,5.4824561403508772,6.5789473684210526,7.6754385964912281,6.4692982456140351,79.7297297297297297,20.2702702702702703
2023-09-23,Bicycle,2021-11-20,false,912,6.2500000000000000,5.4824561403508772,6.5789473684210526,7.6754385964912281,6.4692982456140351,79.7297297297297297,20.2702702702702703
2023-09-23,Bicycle,2021-11-20,false,912,6.2500000000000000,5.4824561403508772,6.5789473684210526,7.6754385964912281,6.4692982456140351,79.7297297297297297,20.2702702702702703
2023-09-23,Bicycle,2021-11-20,false,912,6.2500000000000000,5.4824561403508772,6.5789473684210526,7.6754385964912281,6.4692982456140351,79.7297297297297297,20.2702702702702703
2023-09-23,Bicycle,2021-11-20,false,912,6.2500000000000000,5.4824561403508772,6.5789473684210526,7.6754385964912281,6.4692982456140351,79.7297297297297297,20.2702702702702703
2023-09-23,Bicycle,2021-11-20,false,912,6.2500000000000000,5.4824561403508772,6.5789473684210526,7.6754385964912281,6.4692982456140351,79.7297297297297297,20.2702702702702703
2023-09-23,Bicycle,2021-11-20,false,912,6.2500000000000000,5.4824561403508772,6.5789473684210526,7.6754385964912281,6.4692982456140351,79.7297297297297297,20.2702702702702703
2023-09-23,Bicycle,2021-11-20,false,912,6.2500000000000000,5.4824561403508772,6.5789473684210526,7.6754385964912281,6.4692982456140351,79.7297297297297297,20.2702702702702703
2023-09-23,Bicycle,2021-11-20,false,912,6.2500000000000000,5.4824561403508772,6.5789473684210526,7.6754385964912281,6.4692982456140351,79.7297297297297297,20.2702702702702703
2023-09-23,Bicycle,2021-11-20,false,912,6.2500000000000000,5.4824561403508772,6.5789473684210526,7.6754385964912281,6.4692982456140351,79.7297297297297297,20.2702702702702703
2023-09-23,Bicycle,2021-11-20,false,912,6.2500000000000000,5.4824561403508772,6.5789473684210526,7.6754385964912281,6.4692982456140351,79.7297297297297297,20.2702702702702703
2023-09-23,Bicycle,2021-11-20,false,912,6.2500000000000000,5.4824561403508772,6.5789473684210526,7.6754385964912281,6.4692982456140351,79.7297297297297297,20.2702702702702703
2023-09-23,Bicycle,2021-11-20,false,912,6.2500000000000000,5.4824561403508772,6.5789473684210526,7.6754385964912281,6.4692982456140351,79.7297297297297297,20.2702702702702703
2023-09-23,Bicycle,2021-11-20,false,912,6.2500000000000000,5.4824561403508772,6.5789473684210526,7.6754385964912281,6.4692982456140351,79.7297297297297297,20.2702702702702703
2023-09-23,Bicycle,2021-11-20,false,912,6.2500000000000000,5.4824561403508772,6.5789473684210526,7.6754385964912281,6.4692982456140351,79.7297297297297297,20.2702702702702703
2023-09-23,Bicycle,2021-11-20,false,912,6.2500000000000000,5.4824561403508772,6.5789473684210526,7.6754385964912281,6.4692982456140351,79.7297297297297297,20.2702702702702703
2023-09-23,Bicycle,2021-11-20,false,912,6.2500000000000000,5.4824561403508772,6.5789473684210526,7.6754385964912281,6.4692982456140351,79.7297297297297297,20.2702702702702703
2023-09-23,Books,2021-01-04,false,848,6.3679245283018868,6.7216981132075472,7.0754716981132075,6.4858490566037736,6.6037735849056604,85.2941176470588235,14.7058823529411765
2023-09-23,Books,2021-01-04,false,848,6.3679245283018868,6.7216981132075472,7.0754716981132075,6.4858490566037736,6.6037735849056604,85.2941176470588235,14.7058823529411765
2023-09-23,Books,2021-01-04,false,848,6.3679245283018868,6.7216981132075472,7.0754716981132075,6.4858490566037736,6.6037735849056604,85.2941176470588235,14.7058823529411765
2023-09-23,Books,2021-01-04,false,848,6.3679245283018868,6.7216981132075472,7.0754716981132075,6.4858490566037736,6.6037735849056604,85.2941176470588235,14.7058823529411765
2023-09-23,Books,2021-01-04,false,848,6.3679245283018868,6.7216981132075472,7.0754716981132075,6.4858490566037736,6.6037735849056604,85.2941176470588235,14.7058823529411765
2023-09-23,Books,2021-01-04,false,848,6.3679245283018868,6.7216981132075472,7.0754716981132075,6.4858490566037736,6.6037735849056604,85.2941176470588235,14.7058823529411765
2023-09-23,Books,2021-01-04,false,848,6.3679245283018868,6.7216981132075472,7.0754716981132075,6.4858490566037736,6.6037735849056604,85.2941176470588235,14.7058823529411765
2023-09-23,Books,2021-01-04,false,848,6.3679245283018868,6.7216981132075472,7.0754716981132075,6.4858490566037736,6.6037735849056604,85.2941176470588235,14.7058823529411765
2023-09-23,Books,2021-01-04,false,848,6.3679245283018868,6.7216981132075472,7.0754716981132075,6.4858490566037736,6.6037735849056604,85.2941176470588235,14.7058823529411765
2023-09-23,Books,2021-01-04,false,848,6.3679245283018868,6.7216981132075472,7.0754716981132075,6.4858490566037736,6.6037735849056604,85.2941176470588235,14.7058823529411765
2023-09-23,Books,2021-01-04,false,848,6.3679245283018868,6.7216981132075472,7.0754716981132075,6.4858490566037736,6.6037735849056604,85.2941176470588235,14.7058823529411765
2023-09-23,Books,2021-01-04,false,848,6.3679245283018868,6.7216981132075472,7.0754716981132075,6.4858490566037736,6.6037735849056604,85.2941176470588235,14.7058823529411765
2023-09-23,Books,2021-01-04,false,848,6.3679245283018868,6.7216981132075472,7.0754716981132075,6.4858490566037736,6.6037735849056604,85.2941176470588235,14.7058823529411765
2023-09-23,Books,2021-01-04,false,848,6.3679245283018868,6.7216981132075472,7.0754716981132075,6.4858490566037736,6.6037735849056604,85.2941176470588235,14.7058823529411765
2023-09-23,Books,2021-01-04,false,848,6.3679245283018868,6.7216981132075472,7.0754716981132075,6.4858490566037736,6.6037735849056604,85.2941176470588235,14.7058823529411765
2023-09-23,Books,2021-01-04,false,848,6.3679245283018868,6.7216981132075472,7.0754716981132075,6.4858490566037736,6.6037735849056604,85.2941176470588235,14.7058823529411765
2023-09-23,Books,2021-01-04,false,848,6.3679245283018868,6.7216981132075472,7.0754716981132075,6.4858490566037736,6.6037735849056604,85.2941176470588235,14.7058823529411765
2023-09-23,Books,2021-01-04,false,848,6.3679245283018868,6.7216981132075472,7.0754716981132075,6.4858490566037736,6.6037735849056604,85.2941176470588235,14.7058823529411765
2023-09-23,Books,2021-01-04,false,848,6.3679245283018868,6.7216981132075472,7.0754716981132075,6.4858490566037736,6.6037735849056604,85.2941176470588235,14.7058823529411765
2023-09-23,Books,2021-01-04,false,848,6.3679245283018868,6.7216981132075472,7.0754716981132075,6.4858490566037736,6.6037735849056604,85.2941176470588235,14.7058823529411765
2023-09-23,Books,2021-01-04,false,848,6.3679245283018868,6.7216981132075472,7.0754716981132075,6.4858490566037736,6.6037735849056604,85.2941176470588235,14.7058823529411765
2023-09-23,Books,2021-01-04,false,848,6.3679245283018868,6.7216981132075472,7.0754716981132075,6.4858490566037736,6.6037735849056604,85.2941176470588235,14.7058823529411765
2023-09-23,Books,2021-01-04,false,848,6.3679245283018868,6.7216981132075472,7.0754716981132075,6.4858490566037736,6.6037735849056604,85.2941176470588235,14.7058823529411765
2023-09-23,Books,2021-01-04,false,848,6.3679245283018868,6.7216981132075472,7.0754716981132075,6.4858490566037736,6.6037735849056604,85.2941176470588235,14.7058823529411765
2023-09-23,Books,2021-01-04,false,848,6.3679245283018868,6.7216981132075472,7.0754716981132075,6.4858490566037736,6.6037735849056604,85.2941176470588235,14.7058823529411765
2023-09-23,Camera,2021-08-18,false,868,9.6774193548387097,7.2580645161290323,6.4516129032258065,6.3364055299539171,6.2211981566820276,77.4774774774774775,22.5225225225225225
2023-09-23,Camera,2021-08-18,false,868,9.6774193548387097,7.2580645161290323,6.4516129032258065,6.3364055299539171,6.2211981566820276,77.4774774774774775,22.5225225225225225
2023-09-23,Camera,2021-08-18,false,868,9.6774193548387097,7.2580645161290323,6.4516129032258065,6.3364055299539171,6.2211981566820276,77.4774774774774775,22.5225225225225225
2023-09-23,Camera,2021-08-18,false,868,9.6774193548387097,7.2580645161290323,6.4516129032258065,6.3364055299539171,6.2211981566820276,77.4774774774774775,22.5225225225225225
2023-09-23,Camera,2021-08-18,false,868,9.6774193548387097,7.2580645161290323,6.4516129032258065,6.3364055299539171,6.2211981566820276,77.4774774774774775,22.5225225225225225
2023-09-23,Camera,2021-08-18,false,868,9.6774193548387097,7.2580645161290323,6.4516129032258065,6.3364055299539171,6.2211981566820276,77.4774774774774775,22.5225225225225225
2023-09-23,Camera,2021-08-18,false,868,9.6774193548387097,7.2580645161290323,6.4516129032258065,6.3364055299539171,6.2211981566820276,77.4774774774774775,22.5225225225225225
2023-09-23,Camera,2021-08-18,false,868,9.6774193548387097,7.2580645161290323,6.4516129032258065,6.3364055299539171,6.2211981566820276,77.4774774774774775,22.5225225225225225
2023-09-23,Camera,2021-08-18,false,868,9.6774193548387097,7.2580645161290323,6.4516129032258065,6.3364055299539171,6.2211981566820276,77.4774774774774775,22.5225225225225225
2023-09-23,Camera,2021-08-18,false,868,9.6774193548387097,7.2580645161290323,6.4516129032258065,6.3364055299539171,6.2211981566820276,77.4774774774774775,22.5225225225225225
2023-09-23,Camera,2021-08-18,false,868,9.6774193548387097,7.2580645161290323,6.4516129032258065,6.3364055299539171,6.2211981566820276,77.4774774774774775,22.5225225225225225
2023-09-23,Camera,2021-08-18,false,868,9.6774193548387097,7.2580645161290323,6.4516129032258065,6.3364055299539171,6.2211981566820276,77.4774774774774775,22.5225225225225225
2023-09-23,Camera,2021-08-18,false,868,9.6774193548387097,7.2580645161290323,6.4516129032258065,6.3364055299539171,6.2211981566820276,77.4774774774774775,22.5225225225225225
2023-09-23,Camera,2021-08-18,false,868,9.6774193548387097,7.2580645161290323,6.4516129032258065,6.3364055299539171,6.2211981566820276,77.4774774774774775,22.5225225225225225
2023-09-23,Camera,2021-08-18,false,868,9.6774193548387097,7.2580645161290323,6.4516129032258065,6.3364055299539171,6.2211981566820276,77.4774774774774775,22.5225225225225225
2023-09-23,Camera,2021-08-18,false,868,9.6774193548387097,7.2580645161290323,6.4516129032258065,6.3364055299539171,6.2211981566820276,77.4774774774774775,22.5225225225225225
2023-09-23,Camera,2021-08-18,false,868,9.6774193548387097,7.2580645161290323,6.4516129032258065,6.3364055299539171,6.2211981566820276,77.4774774774774775,22.5225225225225225
2023-09-23,Camera,2021-08-18,false,868,9.6774193548387097,7.2580645161290323,6.4516129032258065,6.3364055299539171,6.2211981566820276,77.4774774774774775,22.5225225225225225
2023-09-23,Camera,2021-08-18,false,868,9.6774193548387097,7.2580645161290323,6.4516129032258065,6.3364055299539171,6.2211981566820276,77.4774774774774775,22.5225225225225225
2023-09-23,Camera,2021-08-18,false,868,9.6774193548387097,7.2580645161290323,6.4516129032258065,6.3364055299539171,6.2211981566820276,77.4774774774774775,22.5225225225225225
2023-09-23,Camera,2021-08-18,false,868,9.6774193548387097,7.2580645161290323,6.4516129032258065,6.3364055299539171,6.2211981566820276,77.4774774774774775,22.5225225225225225
2023-09-23,Camera,2021-08-18,false,868,9.6774193548387097,7.2580645161290323,6.4516129032258065,6.3364055299539171,6.2211981566820276,77.4774774774774775,22.5225225225225225
2023-09-23,Camera,2021-08-18,false,868,9.6774193548387097,7.2580645161290323,6.4516129032258065,6.3364055299539171,6.2211981566820276,77.4774774774774775,22.5225225225225225
2023-09-23,Camera,2021-08-18,false,868,9.6774193548387097,7.2580645161290323,6.4516129032258065,6.3364055299539171,6.2211981566820276,77.4774774774774775,22.5225225225225225
2023-09-23,Camera,2021-08-18,false,868,9.6774193548387097,7.2580645161290323,6.4516129032258065,6.3364055299539171,6.2211981566820276,77.4774774774774775,22.5225225225225225
2023-09-23,Camera,2021-08-18,false,868,9.6774193548387097,7.2580645161290323,6.4516129032258065,6.3364055299539171,6.2211981566820276,77.4774774774774775,22.5225225225225225
2023-09-23,Camera,2021-08-18,false,868,9.6774193548387097,7.2580645161290323,6.4516129032258065,6.3364055299539171,6.2211981566820276,77.4774774774774775,22.5225225225225225
2023-09-23,Camera,2021-08-18,false,868,9.6774193548387097,7.2580645161290323,6.4516129032258065,6.3364055299539171,6.2211981566820276,77.4774774774774775,22.5225225225225225
2023-09-23,Camera,2021-08-18,false,868,9.6774193548387097,7.2580645161290323,6.4516129032258065,6.3364055299539171,6.2211981566820276,77.4774774774774775,22.5225225225225225
2023-09-23,Camera,2021-08-18,false,868,9.6774193548387097,7.2580645161290323,6.4516129032258065,6.3364055299539171,6.2211981566820276,77.4774774774774775,22.5225225225225225
2023-09-23,Camera,2021-08-18,false,868,9.6774193548387097,7.2580645161290323,6.4516129032258065,6.3364055299539171,6.2211981566820276,77.4774774774774775,22.5225225225225225
2023-09-23,Camera,2021-08-18,false,868,9.6774193548387097,7.2580645161290323,6.4516129032258065,6.3364055299539171,6.2211981566820276,77.4774774774774775,22.5225225225225225
2023-09-23,Camera,2021-08-18,false,868,9.6774193548387097,7.2580645161290323,6.4516129032258065,6.3364055299539171,6.2211981566820276,77.4774774774774775,22.5225225225225225
2023-09-23,Camera,2021-08-18,false,868,9.6774193548387097,7.2580645161290323,6.4516129032258065,6.3364055299539171,6.2211981566820276,77.4774774774774775,22.5225225225225225
2023-09-23,Camera,2021-08-18,false,868,9.6774193548387097,7.2580645161290323,6.4516129032258065,6.3364055299539171,6.2211981566820276,77.4774774774774775,22.5225225225225225
2023-09-23,Camera,2021-08-18,false,868,9.6774193548387097,7.2580645161290323,6.4516129032258065,6.3364055299539171,6.2211981566820276,77.4774774774774775,22.5225225225225225
2023-09-23,Camera,2021-08-18,false,868,9.6774193548387097,7.2580645161290323,6.4516129032258065,6.3364055299539171,6.2211981566820276,77.4774774774774775,22.5225225225225225
2023-09-23,Camera,2021-08-18,false,868,9.6774193548387097,7.2580645161290323,6.4516129032258065,6.3364055299539171,6.2211981566820276,77.4774774774774775,22.5225225225225225
2023-09-23,Camera,2021-08-18,false,868,9.6774193548387097,7.2580645161290323,6.4516129032258065,6.3364055299539171,6.2211981566820276,77.4774774774774775,22.5225225225225225
2023-09-23,Camera,2021-08-18,false,868,9.6774193548387097,7.2580645161290323,6.4516129032258065,6.3364055299539171,6.2211981566820276,77.4774774774774775,22.5225225225225225
2023-09-23,Camera,2021-08-18,false,868,9.6774193548387097,7.2580645161290323,6.4516129032258065,6.3364055299539171,6.2211981566820276,77.4774774774774775,22.5225225225225225
2023-09-23,Camera,2021-08-18,false,868,9.6774193548387097,7.2580645161290323,6.4516129032258065,6.3364055299539171,6.2211981566820276,77.4774774774774775,22.5225225225225225
2023-09-23,Camera,2021-08-18,false,868,9.6774193548387097,7.2580645161290323,6.4516129032258065,6.3364055299539171,6.2211981566820276,77.4774774774774775,22.5225225225225225
2023-09-23,Camera,2021-08-18,false,868,9.6774193548387097,7.2580645161290323,6.4516129032258065,6.3364055299539171,6.2211981566820276,77.4774774774774775,22.5225225225225225
2023-09-23,Camera,2021-08-18,false,868,9.6774193548387097,7.2580645161290323,6.4516129032258065,6.3364055299539171,6.2211981566820276,77.4774774774774775,22.5225225225225225
2023-09-23,Camera,2021-08-18,false,868,9.6774193548387097,7.2580645161290323,6.4516129032258065,6.3364055299539171,6.2211981566820276,77.4774774774774775,22.5225225225225225
2023-09-23,Camera,2021-08-18,false,868,9.6774193548387097,7.2580645161290323,6.4516129032258065,6.3364055299539171,6.2211981566820276,77.4774774774774775,22.5225225225225225
2023-09-23,Camera,2021-08-18,false,868,9.6774193548387097,7.2580645161290323,6.4516129032258065,6.3364055299539171,6.2211981566820276,77.4774774774774775,22.5225225225225225
2023-09-23,Camera,2021-08-18,false,868,9.6774193548387097,7.2580645161290323,6.4516129032258065,6.3364055299539171,6.2211981566820276,77.4774774774774775,22.5225225225225225
2023-09-23,Car,2021-02-24,false,821,6.6991473812423873,6.2119366626065773,5.1157125456760049,7.5517661388550548,7.0645554202192448,83.4782608695652174,16.5217391304347826
2023-09-23,Car,2021-02-24,false,821,6.6991473812423873,6.2119366626065773,5.1157125456760049,7.5517661388550548,7.0645554202192448,83.4782608695652174,16.5217391304347826
2023-09-23,Car,2021-02-24,false,821,6.6991473812423873,6.2119366626065773,5.1157125456760049,7.5517661388550548,7.0645554202192448,83.4782608695652174,16.5217391304347826
2023-09-23,Car,2021-02-24,false,821,6.6991473812423873,6.2119366626065773,5.1157125456760049,7.5517661388550548,7.0645554202192448,83.4782608695652174,16.5217391304347826
2023-09-23,Car,2021-02-24,false,821,6.6991473812423873,6.2119366626065773,5.1157125456760049,7.5517661388550548,7.0645554202192448,83.4782608695652174,16.5217391304347826
2023-09-23,Car,2021-02-24,false,821,6.6991473812423873,6.2119366626065773,5.1157125456760049,7.5517661388550548,7.0645554202192448,83.4782608695652174,16.5217391304347826
2023-09-23,Car,2021-02-24,false,821,6.6991473812423873,6.2119366626065773,5.1157125456760049,7.5517661388550548,7.0645554202192448,83.4782608695652174,16.5217391304347826
2023-09-23,Car,2021-02-24,false,821,6.6991473812423873,6.2119366626065773,5.1157125456760049,7.5517661388550548,7.0645554202192448,83.4782608695652174,16.5217391304347826
2023-09-23,Car,2021-02-24,false,821,6.6991473812423873,6.2119366626065773,5.1157125456760049,7.5517661388550548,7.0645554202192448,83.4782608695652174,16.5217391304347826
2023-09-23,Car,2021-02-24,false,821,6.6991473812423873,6.2119366626065773,5.1157125456760049,7.5517661388550548,7.0645554202192448,83.4782608695652174,16.5217391304347826
2023-09-23,Car,2021-02-24,false,821,6.6991473812423873,6.2119366626065773,5.1157125456760049,7.5517661388550548,7.0645554202192448,83.4782608695652174,16.5217391304347826
2023-09-23,Car,2021-02-24,false,821,6.6991473812423873,6.2119366626065773,5.1157125456760049,7.5517661388550548,7.0645554202192448,83.4782608695652174,16.5217391304347826
2023-09-23,Car,2021-02-24,false,821,6.6991473812423873,6.2119366626065773,5.1157125456760049,7.5517661388550548,7.0645554202192448,83.4782608695652174,16.5217391304347826
2023-09-23,Car,2021-02-24,false,821,6.6991473812423873,6.2119366626065773,5.1157125456760049,7.5517661388550548,7.0645554202192448,83.4782608695652174,16.5217391304347826
2023-09-23,Car,2021-02-24,false,821,6.6991473812423873,6.2119366626065773,5.1157125456760049,7.5517661388550548,7.0645554202192448,83.4782608695652174,16.5217391304347826
2023-09-23,Car,2021-02-24,false,821,6.6991473812423873,6.2119366626065773,5.1157125456760049,7.5517661388550548,7.0645554202192448,83.4782608695652174,16.5217391304347826
2023-09-23,Frying pan,2021-03-10,false,849,5.4181389870435807,5.7714958775029446,6.8315665488810365,7.5382803297997644,6.4782096584216726,84.8214285714285714,15.1785714285714286
2023-09-23,Frying pan,2021-03-10,false,849,5.4181389870435807,5.7714958775029446,6.8315665488810365,7.5382803297997644,6.4782096584216726,84.8214285714285714,15.1785714285714286
2023-09-23,Frying pan,2021-03-10,false,849,5.4181389870435807,5.7714958775029446,6.8315665488810365,7.5382803297997644,6.4782096584216726,84.8214285714285714,15.1785714285714286
2023-09-23,Frying pan,2021-03-10,false,849,5.4181389870435807,5.7714958775029446,6.8315665488810365,7.5382803297997644,6.4782096584216726,84.8214285714285714,15.1785714285714286
2023-09-23,Frying pan,2021-03-10,false,849,5.4181389870435807,5.7714958775029446,6.8315665488810365,7.5382803297997644,6.4782096584216726,84.8214285714285714,15.1785714285714286
2023-09-23,Frying pan,2021-03-10,false,849,5.4181389870435807,5.7714958775029446,6.8315665488810365,7.5382803297997644,6.4782096584216726,84.8214285714285714,15.1785714285714286
2023-09-23,Frying pan,2021-03-10,false,849,5.4181389870435807,5.7714958775029446,6.8315665488810365,7.5382803297997644,6.4782096584216726,84.8214285714285714,15.1785714285714286
2023-09-23,Frying pan,2021-03-10,false,849,5.4181389870435807,5.7714958775029446,6.8315665488810365,7.5382803297997644,6.4782096584216726,84.8214285714285714,15.1785714285714286
2023-09-23,Frying pan,2021-03-10,false,849,5.4181389870435807,5.7714958775029446,6.8315665488810365,7.5382803297997644,6.4782096584216726,84.8214285714285714,15.1785714285714286
2023-09-23,Frying pan,2021-03-10,false,849,5.4181389870435807,5.7714958775029446,6.8315665488810365,7.5382803297997644,6.4782096584216726,84.8214285714285714,15.1785714285714286
2023-09-23,Frying pan,2021-03-10,false,849,5.4181389870435807,5.7714958775029446,6.8315665488810365,7.5382803297997644,6.4782096584216726,84.8214285714285714,15.1785714285714286
2023-09-23,Frying pan,2021-03-10,false,849,5.4181389870435807,5.7714958775029446,6.8315665488810365,7.5382803297997644,6.4782096584216726,84.8214285714285714,15.1785714285714286
2023-09-23,Frying pan,2021-03-10,false,849,5.4181389870435807,5.7714958775029446,6.8315665488810365,7.5382803297997644,6.4782096584216726,84.8214285714285714,15.1785714285714286
2023-09-23,Frying pan,2021-03-10,false,849,5.4181389870435807,5.7714958775029446,6.8315665488810365,7.5382803297997644,6.4782096584216726,84.8214285714285714,15.1785714285714286
2023-09-23,Frying pan,2021-03-10,false,849,5.4181389870435807,5.7714958775029446,6.8315665488810365,7.5382803297997644,6.4782096584216726,84.8214285714285714,15.1785714285714286
2023-09-23,Frying pan,2021-03-10,false,849,5.4181389870435807,5.7714958775029446,6.8315665488810365,7.5382803297997644,6.4782096584216726,84.8214285714285714,15.1785714285714286
2023-09-23,Frying pan,2021-03-10,false,849,5.4181389870435807,5.7714958775029446,6.8315665488810365,7.5382803297997644,6.4782096584216726,84.8214285714285714,15.1785714285714286
2023-09-23,Frying pan,2021-03-10,false,849,5.4181389870435807,5.7714958775029446,6.8315665488810365,7.5382803297997644,6.4782096584216726,84.8214285714285714,15.1785714285714286
2023-09-23,Frying pan,2021-03-10,false,849,5.4181389870435807,5.7714958775029446,6.8315665488810365,7.5382803297997644,6.4782096584216726,84.8214285714285714,15.1785714285714286
2023-09-23,Frying pan,2021-03-10,false,849,5.4181389870435807,5.7714958775029446,6.8315665488810365,7.5382803297997644,6.4782096584216726,84.8214285714285714,15.1785714285714286
2023-09-23,Frying pan,2021-03-10,false,849,5.4181389870435807,5.7714958775029446,6.8315665488810365,7.5382803297997644,6.4782096584216726,84.8214285714285714,15.1785714285714286
2023-09-23,Frying pan,2021-03-10,false,849,5.4181389870435807,5.7714958775029446,6.8315665488810365,7.5382803297997644,6.4782096584216726,84.8214285714285714,15.1785714285714286
2023-09-23,Frying pan,2021-03-10,false,849,5.4181389870435807,5.7714958775029446,6.8315665488810365,7.5382803297997644,6.4782096584216726,84.8214285714285714,15.1785714285714286
2023-09-23,Frying pan,2021-03-10,false,849,5.4181389870435807,5.7714958775029446,6.8315665488810365,7.5382803297997644,6.4782096584216726,84.8214285714285714,15.1785714285714286
2023-09-23,Frying pan,2021-03-10,false,849,5.4181389870435807,5.7714958775029446,6.8315665488810365,7.5382803297997644,6.4782096584216726,84.8214285714285714,15.1785714285714286
2023-09-23,Hammer,2022-09-03,false,876,5.9360730593607306,5.4794520547945205,5.8219178082191781,6.2785388127853881,8.1050228310502283,83.9416058394160584,16.0583941605839416
2023-09-23,Hammer,2022-09-03,false,876,5.9360730593607306,5.4794520547945205,5.8219178082191781,6.2785388127853881,8.1050228310502283,83.9416058394160584,16.0583941605839416
2023-09-23,Hammer,2022-09-03,false,876,5.9360730593607306,5.4794520547945205,5.8219178082191781,6.2785388127853881,8.1050228310502283,83.9416058394160584,16.0583941605839416
2023-09-23,Hammer,2022-09-03,false,876,5.9360730593607306,5.4794520547945205,5.8219178082191781,6.2785388127853881,8.1050228310502283,83.9416058394160584,16.0583941605839416
2023-09-23,Hammer,2022-09-03,false,876,5.9360730593607306,5.4794520547945205,5.8219178082191781,6.2785388127853881,8.1050228310502283,83.9416058394160584,16.0583941605839416
2023-09-23,Hammer,2022-09-03,false,876,5.9360730593607306,5.4794520547945205,5.8219178082191781,6.2785388127853881,8.1050228310502283,83.9416058394160584,16.0583941605839416
2023-09-23,Hammer,2022-09-03,false,876,5.9360730593607306,5.4794520547945205,5.8219178082191781,6.2785388127853881,8.1050228310502283,83.9416058394160584,16.0583941605839416
2023-09-23,Hammer,2022-09-03,false,876,5.9360730593607306,5.4794520547945205,5.8219178082191781,6.2785388127853881,8.1050228310502283,83.9416058394160584,16.0583941605839416
2023-09-23,Hammer,2022-09-03,false,876,5.9360730593607306,5.4794520547945205,5.8219178082191781,6.2785388127853881,8.1050228310502283,83.9416058394160584,16.0583941605839416
2023-09-23,Hammer,2022-09-03,false,876,5.9360730593607306,5.4794520547945205,5.8219178082191781,6.2785388127853881,8.1050228310502283,83.9416058394160584,16.0583941605839416
2023-09-23,Hammer,2022-09-03,false,876,5.9360730593607306,5.4794520547945205,5.8219178082191781,6.2785388127853881,8.1050228310502283,83.9416058394160584,16.0583941605839416
2023-09-23,Hammer,2022-09-03,false,876,5.9360730593607306,5.4794520547945205,5.8219178082191781,6.2785388127853881,8.1050228310502283,83.9416058394160584,16.0583941605839416
2023-09-23,Hammer,2022-09-03,false,876,5.9360730593607306,5.4794520547945205,5.8219178082191781,6.2785388127853881,8.1050228310502283,83.9416058394160584,16.0583941605839416
2023-09-23,Hammer,2022-09-03,false,876,5.9360730593607306,5.4794520547945205,5.8219178082191781,6.2785388127853881,8.1050228310502283,83.9416058394160584,16.0583941605839416
2023-09-23,Hammer,2022-09-03,false,876,5.9360730593607306,5.4794520547945205,5.8219178082191781,6.2785388127853881,8.1050228310502283,83.9416058394160584,16.0583941605839416
2023-09-23,Hammer,2022-09-03,false,876,5.9360730593607306,5.4794520547945205,5.8219178082191781,6.2785388127853881,8.1050228310502283,83.9416058394160584,16.0583941605839416
2023-09-23,Hammer,2022-09-03,false,876,5.9360730593607306,5.4794520547945205,5.8219178082191781,6.2785388127853881,8.1050228310502283,83.9416058394160584,16.0583941605839416
2023-09-23,Hammer,2022-09-03,false,876,5.9360730593607306,5.4794520547945205,5.8219178082191781,6.2785388127853881,8.1050228310502283,83.9416058394160584,16.0583941605839416
2023-09-23,Hammer,2022-09-03,false,876,5.9360730593607306,5.4794520547945205,5.8219178082191781,6.2785388127853881,8.1050228310502283,83.9416058394160584,16.0583941605839416
2023-09-23,Hammer,2022-09-03,false,876,5.9360730593607306,5.4794520547945205,5.8219178082191781,6.2785388127853881,8.1050228310502283,83.9416058394160584,16.0583941605839416
2023-09-23,Hammer,2022-09-03,false,876,5.9360730593607306,5.4794520547945205,5.8219178082191781,6.2785388127853881,8.1050228310502283,83.9416058394160584,16.0583941605839416
2023-09-23,Hammer,2022-09-03,false,876,5.9360730593607306,5.4794520547945205,5.8219178082191781,6.2785388127853881,8.1050228310502283,83.9416058394160584,16.0583941605839416
2023-09-23,Hammer,2022-09-03,false,876,5.9360730593607306,5.4794520547945205,5.8219178082191781,6.2785388127853881,8.1050228310502283,83.9416058394160584,16.0583941605839416
2023-09-23,Hammer,2022-09-03,false,876,5.9360730593607306,5.4794520547945205,5.8219178082191781,6.2785388127853881,8.1050228310502283,83.9416058394160584,16.0583941605839416
2023-09-23,Hammer,2022-09-03,false,876,5.9360730593607306,5.4794520547945205,5.8219178082191781,6.2785388127853881,8.1050228310502283,83.9416058394160584,16.0583941605839416
2023-09-23,Hammer,2022-09-03,false,876,5.9360730593607306,5.4794520547945205,5.8219178082191781,6.2785388127853881,8.1050228310502283,83.9416058394160584,16.0583941605839416
2023-09-23,Hammer,2022-09-03,false,876,5.9360730593607306,5.4794520547945205,5.8219178082191781,6.2785388127853881,8.1050228310502283,83.9416058394160584,16.0583941605839416
2023-09-23,Hammer,2022-09-03,false,876,5.9360730593607306,5.4794520547945205,5.8219178082191781,6.2785388127853881,8.1050228310502283,83.9416058394160584,16.0583941605839416
2023-09-23,Hammer,2022-09-03,false,876,5.9360730593607306,5.4794520547945205,5.8219178082191781,6.2785388127853881,8.1050228310502283,83.9416058394160584,16.0583941605839416
2023-09-23,Hammer,2022-09-03,false,876,5.9360730593607306,5.4794520547945205,5.8219178082191781,6.2785388127853881,8.1050228310502283,83.9416058394160584,16.0583941605839416
2023-09-23,Hammer,2022-09-03,false,876,5.9360730593607306,5.4794520547945205,5.8219178082191781,6.2785388127853881,8.1050228310502283,83.9416058394160584,16.0583941605839416
2023-09-23,Hammer,2022-09-03,false,876,5.9360730593607306,5.4794520547945205,5.8219178082191781,6.2785388127853881,8.1050228310502283,83.9416058394160584,16.0583941605839416
2023-09-23,Hammer,2022-09-03,false,876,5.9360730593607306,5.4794520547945205,5.8219178082191781,6.2785388127853881,8.1050228310502283,83.9416058394160584,16.0583941605839416
2023-09-23,Hammer,2022-09-03,false,876,5.9360730593607306,5.4794520547945205,5.8219178082191781,6.2785388127853881,8.1050228310502283,83.9416058394160584,16.0583941605839416
2023-09-23,Hammer,2022-09-03,false,876,5.9360730593607306,5.4794520547945205,5.8219178082191781,6.2785388127853881,8.1050228310502283,83.9416058394160584,16.0583941605839416
2023-09-23,Hammer,2022-09-03,false,876,5.9360730593607306,5.4794520547945205,5.8219178082191781,6.2785388127853881,8.1050228310502283,83.9416058394160584,16.0583941605839416
2023-09-23,Jacket,2022-08-17,false,875,7.3142857142857143,6.6285714285714286,7.4285714285714286,6.2857142857142857,6.4000000000000000,85.2941176470588235,14.7058823529411765
2023-09-23,Jacket,2022-08-17,false,875,7.3142857142857143,6.6285714285714286,7.4285714285714286,6.2857142857142857,6.4000000000000000,85.2941176470588235,14.7058823529411765
2023-09-23,Jacket,2022-08-17,false,875,7.3142857142857143,6.6285714285714286,7.4285714285714286,6.2857142857142857,6.4000000000000000,85.2941176470588235,14.7058823529411765
2023-09-23,Jacket,2022-08-17,false,875,7.3142857142857143,6.6285714285714286,7.4285714285714286,6.2857142857142857,6.4000000000000000,85.2941176470588235,14.7058823529411765
2023-09-23,Jacket,2022-08-17,false,875,7.3142857142857143,6.6285714285714286,7.4285714285714286,6.2857142857142857,6.4000000000000000,85.2941176470588235,14.7058823529411765
2023-09-23,Jacket,2022-08-17,false,875,7.3142857142857143,6.6285714285714286,7.4285714285714286,6.2857142857142857,6.4000000000000000,85.2941176470588235,14.7058823529411765
2023-09-23,Jacket,2022-08-17,false,875,7.3142857142857143,6.6285714285714286,7.4285714285714286,6.2857142857142857,6.4000000000000000,85.2941176470588235,14.7058823529411765
2023-09-23,Jacket,2022-08-17,false,875,7.3142857142857143,6.6285714285714286,7.4285714285714286,6.2857142857142857,6.4000000000000000,85.2941176470588235,14.7058823529411765
2023-09-23,Jacket,2022-08-17,false,875,7.3142857142857143,6.6285714285714286,7.4285714285714286,6.2857142857142857,6.4000000000000000,85.2941176470588235,14.7058823529411765
2023-09-23,Jacket,2022-08-17,false,875,7.3142857142857143,6.6285714285714286,7.4285714285714286,6.2857142857142857,6.4000000000000000,85.2941176470588235,14.7058823529411765
2023-09-23,Jacket,2022-08-17,false,875,7.3142857142857143,6.6285714285714286,7.4285714285714286,6.2857142857142857,6.4000000000000000,85.2941176470588235,14.7058823529411765
2023-09-23,Jacket,2022-08-17,false,875,7.3142857142857143,6.6285714285714286,7.4285714285714286,6.2857142857142857,6.4000000000000000,85.2941176470588235,14.7058823529411765
2023-09-23,Jacket,2022-08-17,false,875,7.3142857142857143,6.6285714285714286,7.4285714285714286,6.2857142857142857,6.4000000000000000,85.2941176470588235,14.7058823529411765
2023-09-23,Jacket,2022-08-17,false,875,7.3142857142857143,6.6285714285714286,7.4285714285714286,6.2857142857142857,6.4000000000000000,85.2941176470588235,14.7058823529411765
2023-09-23,Jacket,2022-08-17,false,875,7.3142857142857143,6.6285714285714286,7.4285714285714286,6.2857142857142857,6.4000000000000000,85.2941176470588235,14.7058823529411765
2023-09-23,Jacket,2022-08-17,false,875,7.3142857142857143,6.6285714285714286,7.4285714285714286,6.2857142857142857,6.4000000000000000,85.2941176470588235,14.7058823529411765
2023-09-23,Jacket,2022-08-17,false,875,7.3142857142857143,6.6285714285714286,7.4285714285714286,6.2857142857142857,6.4000000000000000,85.2941176470588235,14.7058823529411765
2023-09-23,Jacket,2022-08-17,false,875,7.3142857142857143,6.6285714285714286,7.4285714285714286,6.2857142857142857,6.4000000000000000,85.2941176470588235,14.7058823529411765
2023-09-23,Jacket,2022-08-17,false,875,7.3142857142857143,6.6285714285714286,7.4285714285714286,6.2857142857142857,6.4000000000000000,85.2941176470588235,14.7058823529411765
2023-09-23,Jacket,2022-08-17,false,875,7.3142857142857143,6.6285714285714286,7.4285714285714286,6.2857142857142857,6.4000000000000000,85.2941176470588235,14.7058823529411765
2023-09-23,Jacket,2022-08-17,false,875,7.3142857142857143,6.6285714285714286,7.4285714285714286,6.2857142857142857,6.4000000000000000,85.2941176470588235,14.7058823529411765
2023-09-23,Jacket,2022-08-17,false,875,7.3142857142857143,6.6285714285714286,7.4285714285714286,6.2857142857142857,6.4000000000000000,85.2941176470588235,14.7058823529411765
2023-09-23,Jacket,2022-08-17,false,875,7.3142857142857143,6.6285714285714286,7.4285714285714286,6.2857142857142857,6.4000000000000000,85.2941176470588235,14.7058823529411765
2023-09-23,Jacket,2022-08-17,false,875,7.3142857142857143,6.6285714285714286,7.4285714285714286,6.2857142857142857,6.4000000000000000,85.2941176470588235,14.7058823529411765
2023-09-23,Jacket,2022-08-17,false,875,7.3142857142857143,6.6285714285714286,7.4285714285714286,6.2857142857142857,6.4000000000000000,85.2941176470588235,14.7058823529411765
2023-09-23,Jeans,2021-05-24,false,893,5.9350503919372900,7.1668533034714446,5.2631578947368421,7.7267637178051512,6.6069428891377380,83.4645669291338583,16.5354330708661417
2023-09-23,Jeans,2021-05-24,false,893,5.9350503919372900,7.1668533034714446,5.2631578947368421,7.7267637178051512,6.6069428891377380,83.4645669291338583,16.5354330708661417
2023-09-23,Jeans,2021-05-24,false,893,5.9350503919372900,7.1668533034714446,5.2631578947368421,7.7267637178051512,6.6069428891377380,83.4645669291338583,16.5354330708661417
2023-09-23,Jeans,2021-05-24,false,893,5.9350503919372900,7.1668533034714446,5.2631578947368421,7.7267637178051512,6.6069428891377380,83.4645669291338583,16.5354330708661417
2023-09-23,Jeans,2021-05-24,false,893,5.9350503919372900,7.1668533034714446,5.2631578947368421,7.7267637178051512,6.6069428891377380,83.4645669291338583,16.5354330708661417
2023-09-23,Jeans,2021-05-24,false,893,5.9350503919372900,7.1668533034714446,5.2631578947368421,7.7267637178051512,6.6069428891377380,83.4645669291338583,16.5354330708661417
2023-09-23,Jeans,2021-05-24,false,893,5.9350503919372900,7.1668533034714446,5.2631578947368421,7.7267637178051512,6.6069428891377380,83.4645669291338583,16.5354330708661417
2023-09-23,Jeans,2021-05-24,false,893,5.9350503919372900,7.1668533034714446,5.2631578947368421,7.7267637178051512,6.6069428891377380,83.4645669291338583,16.5354330708661417
2023-09-23,Jeans,2021-05-24,false,893,5.9350503919372900,7.1668533034714446,5.2631578947368421,7.7267637178051512,6.6069428891377380,83.4645669291338583,16.5354330708661417
2023-09-23,Jeans,2021-05-24,false,893,5.9350503919372900,7.1668533034714446,5.2631578947368421,7.7267637178051512,6.6069428891377380,83.4645669291338583,16.5354330708661417
2023-09-23,Jeans,2021-05-24,false,893,5.9350503919372900,7.1668533034714446,5.2631578947368421,7.7267637178051512,6.6069428891377380,83.4645669291338583,16.5354330708661417
2023-09-23,Jeans,2021-05-24,false,893,5.9350503919372900,7.1668533034714446,5.2631578947368421,7.7267637178051512,6.6069428891377380,83.4645669291338583,16.5354330708661417
2023-09-23,Jeans,2021-05-24,false,893,5.9350503919372900,7.1668533034714446,5.2631578947368421,7.7267637178051512,6.6069428891377380,83.4645669291338583,16.5354330708661417
2023-09-23,Jeans,2021-05-24,false,893,5.9350503919372900,7.1668533034714446,5.2631578947368421,7.7267637178051512,6.6069428891377380,83.4645669291338583,16.5354330708661417
2023-09-23,Jeans,2021-05-24,false,893,5.9350503919372900,7.1668533034714446,5.2631578947368421,7.7267637178051512,6.6069428891377380,83.4645669291338583,16.5354330708661417
2023-09-23,Jeans,2021-05-24,false,893,5.9350503919372900,7.1668533034714446,5.2631578947368421,7.7267637178051512,6.6069428891377380,83.4645669291338583,16.5354330708661417
2023-09-23,Laptop,2021-10-19,false,806,6.5756823821339950,7.4441687344913151,6.3275434243176179,6.2034739454094293,6.9478908188585608,84.6715328467153285,15.3284671532846715
2023-09-23,Laptop,2021-10-19,false,806,6.5756823821339950,7.4441687344913151,6.3275434243176179,6.2034739454094293,6.9478908188585608,84.6715328467153285,15.3284671532846715
2023-09-23,Laptop,2021-10-19,false,806,6.5756823821339950,7.4441687344913151,6.3275434243176179,6.2034739454094293,6.9478908188585608,84.6715328467153285,15.3284671532846715
2023-09-23,Laptop,2021-10-19,false,806,6.5756823821339950,7.4441687344913151,6.3275434243176179,6.2034739454094293,6.9478908188585608,84.6715328467153285,15.3284671532846715
2023-09-23,Laptop,2021-10-19,false,806,6.5756823821339950,7.4441687344913151,6.3275434243176179,6.2034739454094293,6.9478908188585608,84.6715328467153285,15.3284671532846715
2023-09-23,Laptop,2021-10-19,false,806,6.5756823821339950,7.4441687344913151,6.3275434243176179,6.2034739454094293,6.9478908188585608,84.6715328467153285,15.3284671532846715
2023-09-23,Laptop,2021-10-19,false,806,6.5756823821339950,7.4441687344913151,6.3275434243176179,6.2034739454094293,6.9478908188585608,84.6715328467153285,15.3284671532846715
2023-09-23,Laptop,2021-10-19,false,806,6.5756823821339950,7.4441687344913151,6.3275434243176179,6.2034739454094293,6.9478908188585608,84.6715328467153285,15.3284671532846715
2023-09-23,Laptop,2021-10-19,false,806,6.5756823821339950,7.4441687344913151,6.3275434243176179,6.2034739454094293,6.9478908188585608,84.6715328467153285,15.3284671532846715
2023-09-23,Laptop,2021-10-19,false,806,6.5756823821339950,7.4441687344913151,6.3275434243176179,6.2034739454094293,6.9478908188585608,84.6715328467153285,15.3284671532846715
2023-09-23,Laptop,2021-10-19,false,806,6.5756823821339950,7.4441687344913151,6.3275434243176179,6.2034739454094293,6.9478908188585608,84.6715328467153285,15.3284671532846715
2023-09-23,Laptop,2021-10-19,false,806,6.5756823821339950,7.4441687344913151,6.3275434243176179,6.2034739454094293,6.9478908188585608,84.6715328467153285,15.3284671532846715
2023-09-23,Laptop,2021-10-19,false,806,6.5756823821339950,7.4441687344913151,6.3275434243176179,6.2034739454094293,6.9478908188585608,84.6715328467153285,15.3284671532846715
2023-09-23,Laptop,2021-10-19,false,806,6.5756823821339950,7.4441687344913151,6.3275434243176179,6.2034739454094293,6.9478908188585608,84.6715328467153285,15.3284671532846715
2023-09-23,Laptop,2021-10-19,false,806,6.5756823821339950,7.4441687344913151,6.3275434243176179,6.2034739454094293,6.9478908188585608,84.6715328467153285,15.3284671532846715
2023-09-23,Laptop,2021-10-19,false,806,6.5756823821339950,7.4441687344913151,6.3275434243176179,6.2034739454094293,6.9478908188585608,84.6715328467153285,15.3284671532846715
2023-09-23,Motorcycle,2021-01-08,false,880,7.0454545454545455,5.7954545454545455,6.2500000000000000,6.1363636363636364,7.6136363636363636,78.9062500000000000,21.0937500000000000
2023-09-23,Motorcycle,2021-01-08,false,880,7.0454545454545455,5.7954545454545455,6.2500000000000000,6.1363636363636364,7.6136363636363636,78.9062500000000000,21.0937500000000000
2023-09-23,Motorcycle,2021-01-08,false,880,7.0454545454545455,5.7954545454545455,6.2500000000000000,6.1363636363636364,7.6136363636363636,78.9062500000000000,21.0937500000000000
2023-09-23,Motorcycle,2021-01-08,false,880,7.0454545454545455,5.7954545454545455,6.2500000000000000,6.1363636363636364,7.6136363636363636,78.9062500000000000,21.0937500000000000
2023-09-23,Motorcycle,2021-01-08,false,880,7.0454545454545455,5.7954545454545455,6.2500000000000000,6.1363636363636364,7.6136363636363636,78.9062500000000000,21.0937500000000000
2023-09-23,Motorcycle,2021-01-08,false,880,7.0454545454545455,5.7954545454545455,6.2500000000000000,6.1363636363636364,7.6136363636363636,78.9062500000000000,21.0937500000000000
2023-09-23,Motorcycle,2021-01-08,false,880,7.0454545454545455,5.7954545454545455,6.2500000000000000,6.1363636363636364,7.6136363636363636,78.9062500000000000,21.0937500000000000
2023-09-23,Motorcycle,2021-01-08,false,880,7.0454545454545455,5.7954545454545455,6.2500000000000000,6.1363636363636364,7.6136363636363636,78.9062500000000000,21.0937500000000000
2023-09-23,Motorcycle,2021-01-08,false,880,7.0454545454545455,5.7954545454545455,6.2500000000000000,6.1363636363636364,7.6136363636363636,78.9062500000000000,21.0937500000000000
2023-09-23,Motorcycle,2021-01-08,false,880,7.0454545454545455,5.7954545454545455,6.2500000000000000,6.1363636363636364,7.6136363636363636,78.9062500000000000,21.0937500000000000
2023-09-23,Motorcycle,2021-01-08,false,880,7.0454545454545455,5.7954545454545455,6.2500000000000000,6.1363636363636364,7.6136363636363636,78.9062500000000000,21.0937500000000000
2023-09-23,Motorcycle,2021-01-08,false,880,7.0454545454545455,5.7954545454545455,6.2500000000000000,6.1363636363636364,7.6136363636363636,78.9062500000000000,21.0937500000000000
2023-09-23,Motorcycle,2021-01-08,false,880,7.0454545454545455,5.7954545454545455,6.2500000000000000,6.1363636363636364,7.6136363636363636,78.9062500000000000,21.0937500000000000
2023-09-23,Motorcycle,2021-01-08,false,880,7.0454545454545455,5.7954545454545455,6.2500000000000000,6.1363636363636364,7.6136363636363636,78.9062500000000000,21.0937500000000000
2023-09-23,Motorcycle,2021-01-08,false,880,7.0454545454545455,5.7954545454545455,6.2500000000000000,6.1363636363636364,7.6136363636363636,78.9062500000000000,21.0937500000000000
2023-09-23,Motorcycle,2021-01-08,false,880,7.0454545454545455,5.7954545454545455,6.2500000000000000,6.1363636363636364,7.6136363636363636,78.9062500000000000,21.0937500000000000
2023-09-23,Nails,2021-10-25,false,925,6.0540540540540541,7.1351351351351351,7.3513513513513514,6.7027027027027027,6.1621621621621622,81.6793893129770992,18.3206106870229008
2023-09-23,Nails,2021-10-25,false,925,6.0540540540540541,7.1351351351351351,7.3513513513513514,6.7027027027027027,6.1621621621621622,81.6793893129770992,18.3206106870229008
2023-09-23,Nails,2021-10-25,false,925,6.0540540540540541,7.1351351351351351,7.3513513513513514,6.7027027027027027,6.1621621621621622,81.6793893129770992,18.3206106870229008
2023-09-23,Nails,2021-10-25,false,925,6.0540540540540541,7.1351351351351351,7.3513513513513514,6.7027027027027027,6.1621621621621622,81.6793893129770992,18.3206106870229008
2023-09-23,Nails,2021-10-25,false,925,6.0540540540540541,7.1351351351351351,7.3513513513513514,6.7027027027027027,6.1621621621621622,81.6793893129770992,18.3206106870229008
2023-09-23,Nails,2021-10-25,false,925,6.0540540540540541,7.1351351351351351,7.3513513513513514,6.7027027027027027,6.1621621621621622,81.6793893129770992,18.3206106870229008
2023-09-23,Nails,2021-10-25,false,925,6.0540540540540541,7.1351351351351351,7.3513513513513514,6.7027027027027027,6.1621621621621622,81.6793893129770992,18.3206106870229008
2023-09-23,Nails,2021-10-25,false,925,6.0540540540540541,7.1351351351351351,7.3513513513513514,6.7027027027027027,6.1621621621621622,81.6793893129770992,18.3206106870229008
2023-09-23,Nails,2021-10-25,false,925,6.0540540540540541,7.1351351351351351,7.3513513513513514,6.7027027027027027,6.1621621621621622,81.6793893129770992,18.3206106870229008
2023-09-23,Nails,2021-10-25,false,925,6.0540540540540541,7.1351351351351351,7.3513513513513514,6.7027027027027027,6.1621621621621622,81.6793893129770992,18.3206106870229008
2023-09-23,Nails,2021-10-25,false,925,6.0540540540540541,7.1351351351351351,7.3513513513513514,6.7027027027027027,6.1621621621621622,81.6793893129770992,18.3206106870229008
2023-09-23,Nails,2021-10-25,false,925,6.0540540540540541,7.1351351351351351,7.3513513513513514,6.7027027027027027,6.1621621621621622,81.6793893129770992,18.3206106870229008
2023-09-23,Nails,2021-10-25,false,925,6.0540540540540541,7.1351351351351351,7.3513513513513514,6.7027027027027027,6.1621621621621622,81.6793893129770992,18.3206106870229008
2023-09-23,Nails,2021-10-25,false,925,6.0540540540540541,7.1351351351351351,7.3513513513513514,6.7027027027027027,6.1621621621621622,81.6793893129770992,18.3206106870229008
2023-09-23,Nails,2021-10-25,false,925,6.0540540540540541,7.1351351351351351,7.3513513513513514,6.7027027027027027,6.1621621621621622,81.6793893129770992,18.3206106870229008
2023-09-23,Nails,2021-10-25,false,925,6.0540540540540541,7.1351351351351351,7.3513513513513514,6.7027027027027027,6.1621621621621622,81.6793893129770992,18.3206106870229008
2023-09-23,Nails,2021-10-25,false,925,6.0540540540540541,7.1351351351351351,7.3513513513513514,6.7027027027027027,6.1621621621621622,81.6793893129770992,18.3206106870229008
2023-09-23,Nails,2021-10-25,false,925,6.0540540540540541,7.1351351351351351,7.3513513513513514,6.7027027027027027,6.1621621621621622,81.6793893129770992,18.3206106870229008
2023-09-23,Nails,2021-10-25,false,925,6.0540540540540541,7.1351351351351351,7.3513513513513514,6.7027027027027027,6.1621621621621622,81.6793893129770992,18.3206106870229008
2023-09-23,Nails,2021-10-25,false,925,6.0540540540540541,7.1351351351351351,7.3513513513513514,6.7027027027027027,6.1621621621621622,81.6793893129770992,18.3206106870229008
2023-09-23,Nails,2021-10-25,false,925,6.0540540540540541,7.1351351351351351,7.3513513513513514,6.7027027027027027,6.1621621621621622,81.6793893129770992,18.3206106870229008
2023-09-23,Nails,2021-10-25,false,925,6.0540540540540541,7.1351351351351351,7.3513513513513514,6.7027027027027027,6.1621621621621622,81.6793893129770992,18.3206106870229008
2023-09-23,Nails,2021-10-25,false,925,6.0540540540540541,7.1351351351351351,7.3513513513513514,6.7027027027027027,6.1621621621621622,81.6793893129770992,18.3206106870229008
2023-09-23,Nails,2021-10-25,false,925,6.0540540540540541,7.1351351351351351,7.3513513513513514,6.7027027027027027,6.1621621621621622,81.6793893129770992,18.3206106870229008
2023-09-23,Nails,2021-10-25,false,925,6.0540540540540541,7.1351351351351351,7.3513513513513514,6.7027027027027027,6.1621621621621622,81.6793893129770992,18.3206106870229008
2023-09-23,Non-stick pan,2022-07-23,false,898,7.4610244988864143,5.4565701559020045,6.5701559020044543,6.5701559020044543,7.1269487750556793,82.5174825174825175,17.4825174825174825
2023-09-23,Non-stick pan,2022-07-23,false,898,7.4610244988864143,5.4565701559020045,6.5701559020044543,6.5701559020044543,7.1269487750556793,82.5174825174825175,17.4825174825174825
2023-09-23,Non-stick pan,2022-07-23,false,898,7.4610244988864143,5.4565701559020045,6.5701559020044543,6.5701559020044543,7.1269487750556793,82.5174825174825175,17.4825174825174825
2023-09-23,Non-stick pan,2022-07-23,false,898,7.4610244988864143,5.4565701559020045,6.5701559020044543,6.5701559020044543,7.1269487750556793,82.5174825174825175,17.4825174825174825
2023-09-23,Non-stick pan,2022-07-23,false,898,7.4610244988864143,5.4565701559020045,6.5701559020044543,6.5701559020044543,7.1269487750556793,82.5174825174825175,17.4825174825174825
2023-09-23,Non-stick pan,2022-07-23,false,898,7.4610244988864143,5.4565701559020045,6.5701559020044543,6.5701559020044543,7.1269487750556793,82.5174825174825175,17.4825174825174825
2023-09-23,Non-stick pan,2022-07-23,false,898,7.4610244988864143,5.4565701559020045,6.5701559020044543,6.5701559020044543,7.1269487750556793,82.5174825174825175,17.4825174825174825
2023-09-23,Non-stick pan,2022-07-23,false,898,7.4610244988864143,5.4565701559020045,6.5701559020044543,6.5701559020044543,7.1269487750556793,82.5174825174825175,17.4825174825174825
2023-09-23,Non-stick pan,2022-07-23,false,898,7.4610244988864143,5.4565701559020045,6.5701559020044543,6.5701559020044543,7.1269487750556793,82.5174825174825175,17.4825174825174825
2023-09-23,Non-stick pan,2022-07-23,false,898,7.4610244988864143,5.4565701559020045,6.5701559020044543,6.5701559020044543,7.1269487750556793,82.5174825174825175,17.4825174825174825
2023-09-23,Non-stick pan,2022-07-23,false,898,7.4610244988864143,5.4565701559020045,6.5701559020044543,6.5701559020044543,7.1269487750556793,82.5174825174825175,17.4825174825174825
2023-09-23,Non-stick pan,2022-07-23,false,898,7.4610244988864143,5.4565701559020045,6.5701559020044543,6.5701559020044543,7.1269487750556793,82.5174825174825175,17.4825174825174825
2023-09-23,Non-stick pan,2022-07-23,false,898,7.4610244988864143,5.4565701559020045,6.5701559020044543,6.5701559020044543,7.1269487750556793,82.5174825174825175,17.4825174825174825
2023-09-23,Non-stick pan,2022-07-23,false,898,7.4610244988864143,5.4565701559020045,6.5701559020044543,6.5701559020044543,7.1269487750556793,82.5174825174825175,17.4825174825174825
2023-09-23,Non-stick pan,2022-07-23,false,898,7.4610244988864143,5.4565701559020045,6.5701559020044543,6.5701559020044543,7.1269487750556793,82.5174825174825175,17.4825174825174825
2023-09-23,Non-stick pan,2022-07-23,false,898,7.4610244988864143,5.4565701559020045,6.5701559020044543,6.5701559020044543,7.1269487750556793,82.5174825174825175,17.4825174825174825
2023-09-23,Saucepan,2021-11-14,false,916,5.8951965065502183,7.0960698689956332,5.8951965065502183,6.5502183406113537,7.2052401746724891,90.2255639097744361,9.7744360902255639
2023-09-23,Saucepan,2021-11-14,false,916,5.8951965065502183,7.0960698689956332,5.8951965065502183,6.5502183406113537,7.2052401746724891,90.2255639097744361,9.7744360902255639
2023-09-23,Saucepan,2021-11-14,false,916,5.8951965065502183,7.0960698689956332,5.8951965065502183,6.5502183406113537,7.2052401746724891,90.2255639097744361,9.7744360902255639
2023-09-23,Saucepan,2021-11-14,false,916,5.8951965065502183,7.0960698689956332,5.8951965065502183,6.5502183406113537,7.2052401746724891,90.2255639097744361,9.7744360902255639
2023-09-23,Saucepan,2021-11-14,false,916,5.8951965065502183,7.0960698689956332,5.8951965065502183,6.5502183406113537,7.2052401746724891,90.2255639097744361,9.7744360902255639
2023-09-23,Saucepan,2021-11-14,false,916,5.8951965065502183,7.0960698689956332,5.8951965065502183,6.5502183406113537,7.2052401746724891,90.2255639097744361,9.7744360902255639
2023-09-23,Saucepan,2021-11-14,false,916,5.8951965065502183,7.0960698689956332,5.8951965065502183,6.5502183406113537,7.2052401746724891,90.2255639097744361,9.7744360902255639
2023-09-23,Saucepan,2021-11-14,false,916,5.8951965065502183,7.0960698689956332,5.8951965065502183,6.5502183406113537,7.2052401746724891,90.2255639097744361,9.7744360902255639
2023-09-23,Saucepan,2021-11-14,false,916,5.8951965065502183,7.0960698689956332,5.8951965065502183,6.5502183406113537,7.2052401746724891,90.2255639097744361,9.7744360902255639
2023-09-23,Saucepan,2021-11-14,false,916,5.8951965065502183,7.0960698689956332,5.8951965065502183,6.5502183406113537,7.2052401746724891,90.2255639097744361,9.7744360902255639
2023-09-23,Saucepan,2021-11-14,false,916,5.8951965065502183,7.0960698689956332,5.8951965065502183,6.5502183406113537,7.2052401746724891,90.2255639097744361,9.7744360902255639
2023-09-23,Saucepan,2021-11-14,false,916,5.8951965065502183,7.0960698689956332,5.8951965065502183,6.5502183406113537,7.2052401746724891,90.2255639097744361,9.7744360902255639
2023-09-23,Saucepan,2021-11-14,false,916,5.8951965065502183,7.0960698689956332,5.8951965065502183,6.5502183406113537,7.2052401746724891,90.2255639097744361,9.7744360902255639
2023-09-23,Saucepan,2021-11-14,false,916,5.8951965065502183,7.0960698689956332,5.8951965065502183,6.5502183406113537,7.2052401746724891,90.2255639097744361,9.7744360902255639
2023-09-23,Saucepan,2021-11-14,false,916,5.8951965065502183,7.0960698689956332,5.8951965065502183,6.5502183406113537,7.2052401746724891,90.2255639097744361,9.7744360902255639
2023-09-23,Saucepan,2021-11-14,false,916,5.8951965065502183,7.0960698689956332,5.8951965065502183,6.5502183406113537,7.2052401746724891,90.2255639097744361,9.7744360902255639
2023-09-23,Scooter,2022-01-06,false,967,5.4808686659772492,6.5149948293691830,5.6876938986556360,6.9286452947259566,7.3422957600827301,86.7647058823529412,13.2352941176470588
2023-09-23,Scooter,2022-01-06,false,967,5.4808686659772492,6.5149948293691830,5.6876938986556360,6.9286452947259566,7.3422957600827301,86.7647058823529412,13.2352941176470588
2023-09-23,Scooter,2022-01-06,false,967,5.4808686659772492,6.5149948293691830,5.6876938986556360,6.9286452947259566,7.3422957600827301,86.7647058823529412,13.2352941176470588
2023-09-23,Scooter,2022-01-06,false,967,5.4808686659772492,6.5149948293691830,5.6876938986556360,6.9286452947259566,7.3422957600827301,86.7647058823529412,13.2352941176470588
2023-09-23,Scooter,2022-01-06,false,967,5.4808686659772492,6.5149948293691830,5.6876938986556360,6.9286452947259566,7.3422957600827301,86.7647058823529412,13.2352941176470588
2023-09-23,Scooter,2022-01-06,false,967,5.4808686659772492,6.5149948293691830,5.6876938986556360,6.9286452947259566,7.3422957600827301,86.7647058823529412,13.2352941176470588
2023-09-23,Scooter,2022-01-06,false,967,5.4808686659772492,6.5149948293691830,5.6876938986556360,6.9286452947259566,7.3422957600827301,86.7647058823529412,13.2352941176470588
2023-09-23,Scooter,2022-01-06,false,967,5.4808686659772492,6.5149948293691830,5.6876938986556360,6.9286452947259566,7.3422957600827301,86.7647058823529412,13.2352941176470588
2023-09-23,Scooter,2022-01-06,false,967,5.4808686659772492,6.5149948293691830,5.6876938986556360,6.9286452947259566,7.3422957600827301,86.7647058823529412,13.2352941176470588
2023-09-23,Scooter,2022-01-06,false,967,5.4808686659772492,6.5149948293691830,5.6876938986556360,6.9286452947259566,7.3422957600827301,86.7647058823529412,13.2352941176470588
2023-09-23,Scooter,2022-01-06,false,967,5.4808686659772492,6.5149948293691830,5.6876938986556360,6.9286452947259566,7.3422957600827301,86.7647058823529412,13.2352941176470588
2023-09-23,Scooter,2022-01-06,false,967,5.4808686659772492,6.5149948293691830,5.6876938986556360,6.9286452947259566,7.3422957600827301,86.7647058823529412,13.2352941176470588
2023-09-23,Scooter,2022-01-06,false,967,5.4808686659772492,6.5149948293691830,5.6876938986556360,6.9286452947259566,7.3422957600827301,86.7647058823529412,13.2352941176470588
2023-09-23,Scooter,2022-01-06,false,967,5.4808686659772492,6.5149948293691830,5.6876938986556360,6.9286452947259566,7.3422957600827301,86.7647058823529412,13.2352941176470588
2023-09-23,Scooter,2022-01-06,false,967,5.4808686659772492,6.5149948293691830,5.6876938986556360,6.9286452947259566,7.3422957600827301,86.7647058823529412,13.2352941176470588
2023-09-23,Scooter,2022-01-06,false,967,5.4808686659772492,6.5149948293691830,5.6876938986556360,6.9286452947259566,7.3422957600827301,86.7647058823529412,13.2352941176470588
2023-09-23,Screwdriver,2022-03-06,false,940,6.2765957446808511,7.8723404255319149,6.2765957446808511,6.8085106382978723,6.3829787234042553,81.8897637795275591,18.1102362204724409
2023-09-23,Screwdriver,2022-03-06,false,940,6.2765957446808511,7.8723404255319149,6.2765957446808511,6.8085106382978723,6.3829787234042553,81.8897637795275591,18.1102362204724409
2023-09-23,Screwdriver,2022-03-06,false,940,6.2765957446808511,7.8723404255319149,6.2765957446808511,6.8085106382978723,6.3829787234042553,81.8897637795275591,18.1102362204724409
2023-09-23,Screwdriver,2022-03-06,false,940,6.2765957446808511,7.8723404255319149,6.2765957446808511,6.8085106382978723,6.3829787234042553,81.8897637795275591,18.1102362204724409
2023-09-23,Screwdriver,2022-03-06,false,940,6.2765957446808511,7.8723404255319149,6.2765957446808511,6.8085106382978723,6.3829787234042553,81.8897637795275591,18.1102362204724409
2023-09-23,Screwdriver,2022-03-06,false,940,6.2765957446808511,7.8723404255319149,6.2765957446808511,6.8085106382978723,6.3829787234042553,81.8897637795275591,18.1102362204724409
2023-09-23,Screwdriver,2022-03-06,false,940,6.2765957446808511,7.8723404255319149,6.2765957446808511,6.8085106382978723,6.3829787234042553,81.8897637795275591,18.1102362204724409
2023-09-23,Screwdriver,2022-03-06,false,940,6.2765957446808511,7.8723404255319149,6.2765957446808511,6.8085106382978723,6.3829787234042553,81.8897637795275591,18.1102362204724409
2023-09-23,Screwdriver,2022-03-06,false,940,6.2765957446808511,7.8723404255319149,6.2765957446808511,6.8085106382978723,6.3829787234042553,81.8897637795275591,18.1102362204724409
2023-09-23,Screwdriver,2022-03-06,false,940,6.2765957446808511,7.8723404255319149,6.2765957446808511,6.8085106382978723,6.3829787234042553,81.8897637795275591,18.1102362204724409
2023-09-23,Screwdriver,2022-03-06,false,940,6.2765957446808511,7.8723404255319149,6.2765957446808511,6.8085106382978723,6.3829787234042553,81.8897637795275591,18.1102362204724409
2023-09-23,Screwdriver,2022-03-06,false,940,6.2765957446808511,7.8723404255319149,6.2765957446808511,6.8085106382978723,6.3829787234042553,81.8897637795275591,18.1102362204724409
2023-09-23,Screwdriver,2022-03-06,false,940,6.2765957446808511,7.8723404255319149,6.2765957446808511,6.8085106382978723,6.3829787234042553,81.8897637795275591,18.1102362204724409
2023-09-23,Screwdriver,2022-03-06,false,940,6.2765957446808511,7.8723404255319149,6.2765957446808511,6.8085106382978723,6.3829787234042553,81.8897637795275591,18.1102362204724409
2023-09-23,Screwdriver,2022-03-06,false,940,6.2765957446808511,7.8723404255319149,6.2765957446808511,6.8085106382978723,6.3829787234042553,81.8897637795275591,18.1102362204724409
2023-09-23,Screwdriver,2022-03-06,false,940,6.2765957446808511,7.8723404255319149,6.2765957446808511,6.8085106382978723,6.3829787234042553,81.8897637795275591,18.1102362204724409
2023-09-23,Screwdriver,2022-03-06,false,940,6.2765957446808511,7.8723404255319149,6.2765957446808511,6.8085106382978723,6.3829787234042553,81.8897637795275591,18.1102362204724409
2023-09-23,Screwdriver,2022-03-06,false,940,6.2765957446808511,7.8723404255319149,6.2765957446808511,6.8085106382978723,6.3829787234042553,81.8897637795275591,18.1102362204724409
2023-09-23,Screwdriver,2022-03-06,false,940,6.2765957446808511,7.8723404255319149,6.2765957446808511,6.8085106382978723,6.3829787234042553,81.8897637795275591,18.1102362204724409
2023-09-23,Screwdriver,2022-03-06,false,940,6.2765957446808511,7.8723404255319149,6.2765957446808511,6.8085106382978723,6.3829787234042553,81.8897637795275591,18.1102362204724409
2023-09-23,Screwdriver,2022-03-06,false,940,6.2765957446808511,7.8723404255319149,6.2765957446808511,6.8085106382978723,6.3829787234042553,81.8897637795275591,18.1102362204724409
2023-09-23,Screwdriver,2022-03-06,false,940,6.2765957446808511,7.8723404255319149,6.2765957446808511,6.8085106382978723,6.3829787234042553,81.8897637795275591,18.1102362204724409
2023-09-23,Screwdriver,2022-03-06,false,940,6.2765957446808511,7.8723404255319149,6.2765957446808511,6.8085106382978723,6.3829787234042553,81.8897637795275591,18.1102362204724409
2023-09-23,Screwdriver,2022-03-06,false,940,6.2765957446808511,7.8723404255319149,6.2765957446808511,6.8085106382978723,6.3829787234042553,81.8897637795275591,18.1102362204724409
2023-09-23,Screwdriver,2022-03-06,false,940,6.2765957446808511,7.8723404255319149,6.2765957446808511,6.8085106382978723,6.3829787234042553,81.8897637795275591,18.1102362204724409
2023-09-23,Shoes,2021-12-19,false,896,7.0312500000000000,7.4776785714285714,5.4687500000000000,5.9151785714285714,7.5892857142857143,79.0909090909090909,20.9090909090909091
2023-09-23,Shoes,2021-12-19,false,896,7.0312500000000000,7.4776785714285714,5.4687500000000000,5.9151785714285714,7.5892857142857143,79.0909090909090909,20.9090909090909091
2023-09-23,Shoes,2021-12-19,false,896,7.0312500000000000,7.4776785714285714,5.4687500000000000,5.9151785714285714,7.5892857142857143,79.0909090909090909,20.9090909090909091
2023-09-23,Shoes,2021-12-19,false,896,7.0312500000000000,7.4776785714285714,5.4687500000000000,5.9151785714285714,7.5892857142857143,79.0909090909090909,20.9090909090909091
2023-09-23,Shoes,2021-12-19,false,896,7.0312500000000000,7.4776785714285714,5.4687500000000000,5.9151785714285714,7.5892857142857143,79.0909090909090909,20.9090909090909091
2023-09-23,Shoes,2021-12-19,false,896,7.0312500000000000,7.4776785714285714,5.4687500000000000,5.9151785714285714,7.5892857142857143,79.0909090909090909,20.9090909090909091
2023-09-23,Shoes,2021-12-19,false,896,7.0312500000000000,7.4776785714285714,5.4687500000000000,5.9151785714285714,7.5892857142857143,79.0909090909090909,20.9090909090909091
2023-09-23,Shoes,2021-12-19,false,896,7.0312500000000000,7.4776785714285714,5.4687500000000000,5.9151785714285714,7.5892857142857143,79.0909090909090909,20.9090909090909091
2023-09-23,Shoes,2021-12-19,false,896,7.0312500000000000,7.4776785714285714,5.4687500000000000,5.9151785714285714,7.5892857142857143,79.0909090909090909,20.9090909090909091
2023-09-23,Shoes,2021-12-19,false,896,7.0312500000000000,7.4776785714285714,5.4687500000000000,5.9151785714285714,7.5892857142857143,79.0909090909090909,20.9090909090909091
2023-09-23,Shoes,2021-12-19,false,896,7.0312500000000000,7.4776785714285714,5.4687500000000000,5.9151785714285714,7.5892857142857143,79.0909090909090909,20.9090909090909091
2023-09-23,Shoes,2021-12-19,false,896,7.0312500000000000,7.4776785714285714,5.4687500000000000,5.9151785714285714,7.5892857142857143,79.0909090909090909,20.9090909090909091
2023-09-23,Shoes,2021-12-19,false,896,7.0312500000000000,7.4776785714285714,5.4687500000000000,5.9151785714285714,7.5892857142857143,79.0909090909090909,20.9090909090909091
2023-09-23,Shoes,2021-12-19,false,896,7.0312500000000000,7.4776785714285714,5.4687500000000000,5.9151785714285714,7.5892857142857143,79.0909090909090909,20.9090909090909091
2023-09-23,Shoes,2021-12-19,false,896,7.0312500000000000,7.4776785714285714,5.4687500000000000,5.9151785714285714,7.5892857142857143,79.0909090909090909,20.9090909090909091
2023-09-23,Shoes,2021-12-19,false,896,7.0312500000000000,7.4776785714285714,5.4687500000000000,5.9151785714285714,7.5892857142857143,79.0909090909090909,20.9090909090909091
2023-09-23,Shoes,2021-12-19,false,896,7.0312500000000000,7.4776785714285714,5.4687500000000000,5.9151785714285714,7.5892857142857143,79.0909090909090909,20.9090909090909091
2023-09-23,Shoes,2021-12-19,false,896,7.0312500000000000,7.4776785714285714,5.4687500000000000,5.9151785714285714,7.5892857142857143,79.0909090909090909,20.9090909090909091
2023-09-23,Shoes,2021-12-19,false,896,7.0312500000000000,7.4776785714285714,5.4687500000000000,5.9151785714285714,7.5892857142857143,79.0909090909090909,20.9090909090909091
2023-09-23,Shoes,2021-12-19,false,896,7.0312500000000000,7.4776785714285714,5.4687500000000000,5.9151785714285714,7.5892857142857143,79.0909090909090909,20.9090909090909091
2023-09-23,Shoes,2021-12-19,false,896,7.0312500000000000,7.4776785714285714,5.4687500000000000,5.9151785714285714,7.5892857142857143,79.0909090909090909,20.9090909090909091
2023-09-23,Shoes,2021-12-19,false,896,7.0312500000000000,7.4776785714285714,5.4687500000000000,5.9151785714285714,7.5892857142857143,79.0909090909090909,20.9090909090909091
2023-09-23,Shoes,2021-12-19,false,896,7.0312500000000000,7.4776785714285714,5.4687500000000000,5.9151785714285714,7.5892857142857143,79.0909090909090909,20.9090909090909091
2023-09-23,Shoes,2021-12-19,false,896,7.0312500000000000,7.4776785714285714,5.4687500000000000,5.9151785714285714,7.5892857142857143,79.0909090909090909,20.9090909090909091
2023-09-23,Shoes,2021-12-19,false,896,7.0312500000000000,7.4776785714285714,5.4687500000000000,5.9151785714285714,7.5892857142857143,79.0909090909090909,20.9090909090909091
2023-09-23,Smartphone,2021-11-16,false,785,6.6242038216560510,6.6242038216560510,9.0445859872611465,5.6050955414012739,6.1146496815286624,85.4961832061068702,14.5038167938931298
2023-09-23,Smartphone,2021-11-16,false,785,6.6242038216560510,6.6242038216560510,9.0445859872611465,5.6050955414012739,6.1146496815286624,85.4961832061068702,14.5038167938931298
2023-09-23,Smartphone,2021-11-16,false,785,6.6242038216560510,6.6242038216560510,9.0445859872611465,5.6050955414012739,6.1146496815286624,85.4961832061068702,14.5038167938931298
2023-09-23,Smartphone,2021-11-16,false,785,6.6242038216560510,6.6242038216560510,9.0445859872611465,5.6050955414012739,6.1146496815286624,85.4961832061068702,14.5038167938931298
2023-09-23,Smartphone,2021-11-16,false,785,6.6242038216560510,6.6242038216560510,9.0445859872611465,5.6050955414012739,6.1146496815286624,85.4961832061068702,14.5038167938931298
2023-09-23,Smartphone,2021-11-16,false,785,6.6242038216560510,6.6242038216560510,9.0445859872611465,5.6050955414012739,6.1146496815286624,85.4961832061068702,14.5038167938931298
2023-09-23,Smartphone,2021-11-16,false,785,6.6242038216560510,6.6242038216560510,9.0445859872611465,5.6050955414012739,6.1146496815286624,85.4961832061068702,14.5038167938931298
2023-09-23,Smartphone,2021-11-16,false,785,6.6242038216560510,6.6242038216560510,9.0445859872611465,5.6050955414012739,6.1146496815286624,85.4961832061068702,14.5038167938931298
2023-09-23,Smartphone,2021-11-16,false,785,6.6242038216560510,6.6242038216560510,9.0445859872611465,5.6050955414012739,6.1146496815286624,85.4961832061068702,14.5038167938931298
2023-09-23,Smartphone,2021-11-16,false,785,6.6242038216560510,6.6242038216560510,9.0445859872611465,5.6050955414012739,6.1146496815286624,85.4961832061068702,14.5038167938931298
2023-09-23,Smartphone,2021-11-16,false,785,6.6242038216560510,6.6242038216560510,9.0445859872611465,5.6050955414012739,6.1146496815286624,85.4961832061068702,14.5038167938931298
2023-09-23,Smartphone,2021-11-16,false,785,6.6242038216560510,6.6242038216560510,9.0445859872611465,5.6050955414012739,6.1146496815286624,85.4961832061068702,14.5038167938931298
2023-09-23,Smartphone,2021-11-16,false,785,6.6242038216560510,6.6242038216560510,9.0445859872611465,5.6050955414012739,6.1146496815286624,85.4961832061068702,14.5038167938931298
2023-09-23,Smartphone,2021-11-16,false,785,6.6242038216560510,6.6242038216560510,9.0445859872611465,5.6050955414012739,6.1146496815286624,85.4961832061068702,14.5038167938931298
2023-09-23,Smartphone,2021-11-16,false,785,6.6242038216560510,6.6242038216560510,9.0445859872611465,5.6050955414012739,6.1146496815286624,85.4961832061068702,14.5038167938931298
2023-09-23,Smartphone,2021-11-16,false,785,6.6242038216560510,6.6242038216560510,9.0445859872611465,5.6050955414012739,6.1146496815286624,85.4961832061068702,14.5038167938931298
2023-09-23,Socks,2022-05-23,false,834,5.9952038369304556,5.3956834532374101,6.9544364508393285,6.5947242206235012,7.1942446043165468,83.2258064516129032,16.7741935483870968
2023-09-23,Socks,2022-05-23,false,834,5.9952038369304556,5.3956834532374101,6.9544364508393285,6.5947242206235012,7.1942446043165468,83.2258064516129032,16.7741935483870968
2023-09-23,Socks,2022-05-23,false,834,5.9952038369304556,5.3956834532374101,6.9544364508393285,6.5947242206235012,7.1942446043165468,83.2258064516129032,16.7741935483870968
2023-09-23,Socks,2022-05-23,false,834,5.9952038369304556,5.3956834532374101,6.9544364508393285,6.5947242206235012,7.1942446043165468,83.2258064516129032,16.7741935483870968
2023-09-23,Socks,2022-05-23,false,834,5.9952038369304556,5.3956834532374101,6.9544364508393285,6.5947242206235012,7.1942446043165468,83.2258064516129032,16.7741935483870968
2023-09-23,Socks,2022-05-23,false,834,5.9952038369304556,5.3956834532374101,6.9544364508393285,6.5947242206235012,7.1942446043165468,83.2258064516129032,16.7741935483870968
2023-09-23,Socks,2022-05-23,false,834,5.9952038369304556,5.3956834532374101,6.9544364508393285,6.5947242206235012,7.1942446043165468,83.2258064516129032,16.7741935483870968
2023-09-23,Socks,2022-05-23,false,834,5.9952038369304556,5.3956834532374101,6.9544364508393285,6.5947242206235012,7.1942446043165468,83.2258064516129032,16.7741935483870968
2023-09-23,Socks,2022-05-23,false,834,5.9952038369304556,5.3956834532374101,6.9544364508393285,6.5947242206235012,7.1942446043165468,83.2258064516129032,16.7741935483870968
2023-09-23,Socks,2022-05-23,false,834,5.9952038369304556,5.3956834532374101,6.9544364508393285,6.5947242206235012,7.1942446043165468,83.2258064516129032,16.7741935483870968
2023-09-23,Socks,2022-05-23,false,834,5.9952038369304556,5.3956834532374101,6.9544364508393285,6.5947242206235012,7.1942446043165468,83.2258064516129032,16.7741935483870968
2023-09-23,Socks,2022-05-23,false,834,5.9952038369304556,5.3956834532374101,6.9544364508393285,6.5947242206235012,7.1942446043165468,83.2258064516129032,16.7741935483870968
2023-09-23,Socks,2022-05-23,false,834,5.9952038369304556,5.3956834532374101,6.9544364508393285,6.5947242206235012,7.1942446043165468,83.2258064516129032,16.7741935483870968
2023-09-23,Socks,2022-05-23,false,834,5.9952038369304556,5.3956834532374101,6.9544364508393285,6.5947242206235012,7.1942446043165468,83.2258064516129032,16.7741935483870968
2023-09-23,Socks,2022-05-23,false,834,5.9952038369304556,5.3956834532374101,6.9544364508393285,6.5947242206235012,7.1942446043165468,83.2258064516129032,16.7741935483870968
2023-09-23,Socks,2022-05-23,false,834,5.9952038369304556,5.3956834532374101,6.9544364508393285,6.5947242206235012,7.1942446043165468,83.2258064516129032,16.7741935483870968
2023-09-23,Sofa,2021-02-11,false,824,8.2524271844660194,8.1310679611650485,6.1893203883495146,6.7961165048543689,5.9466019417475728,87.2881355932203390,12.7118644067796610
2023-09-23,Sofa,2021-02-11,false,824,8.2524271844660194,8.1310679611650485,6.1893203883495146,6.7961165048543689,5.9466019417475728,87.2881355932203390,12.7118644067796610
2023-09-23,Sofa,2021-02-11,false,824,8.2524271844660194,8.1310679611650485,6.1893203883495146,6.7961165048543689,5.9466019417475728,87.2881355932203390,12.7118644067796610
2023-09-23,Sofa,2021-02-11,false,824,8.2524271844660194,8.1310679611650485,6.1893203883495146,6.7961165048543689,5.9466019417475728,87.2881355932203390,12.7118644067796610
2023-09-23,Sofa,2021-02-11,false,824,8.2524271844660194,8.1310679611650485,6.1893203883495146,6.7961165048543689,5.9466019417475728,87.2881355932203390,12.7118644067796610
2023-09-23,Sofa,2021-02-11,false,824,8.2524271844660194,8.1310679611650485,6.1893203883495146,6.7961165048543689,5.9466019417475728,87.2881355932203390,12.7118644067796610
2023-09-23,Sofa,2021-02-11,false,824,8.2524271844660194,8.1310679611650485,6.1893203883495146,6.7961165048543689,5.9466019417475728,87.2881355932203390,12.7118644067796610
2023-09-23,Sofa,2021-02-11,false,824,8.2524271844660194,8.1310679611650485,6.1893203883495146,6.7961165048543689,5.9466019417475728,87.2881355932203390,12.7118644067796610
2023-09-23,Sofa,2021-02-11,false,824,8.2524271844660194,8.1310679611650485,6.1893203883495146,6.7961165048543689,5.9466019417475728,87.2881355932203390,12.7118644067796610
2023-09-23,Sofa,2021-02-11,false,824,8.2524271844660194,8.1310679611650485,6.1893203883495146,6.7961165048543689,5.9466019417475728,87.2881355932203390,12.7118644067796610
2023-09-23,Sofa,2021-02-11,false,824,8.2524271844660194,8.1310679611650485,6.1893203883495146,6.7961165048543689,5.9466019417475728,87.2881355932203390,12.7118644067796610
2023-09-23,Sofa,2021-02-11,false,824,8.2524271844660194,8.1310679611650485,6.1893203883495146,6.7961165048543689,5.9466019417475728,87.2881355932203390,12.7118644067796610
2023-09-23,Sofa,2021-02-11,false,824,8.2524271844660194,8.1310679611650485,6.1893203883495146,6.7961165048543689,5.9466019417475728,87.2881355932203390,12.7118644067796610
2023-09-23,Sofa,2021-02-11,false,824,8.2524271844660194,8.1310679611650485,6.1893203883495146,6.7961165048543689,5.9466019417475728,87.2881355932203390,12.7118644067796610
2023-09-23,Sofa,2021-02-11,false,824,8.2524271844660194,8.1310679611650485,6.1893203883495146,6.7961165048543689,5.9466019417475728,87.2881355932203390,12.7118644067796610
2023-09-23,Sofa,2021-02-11,false,824,8.2524271844660194,8.1310679611650485,6.1893203883495146,6.7961165048543689,5.9466019417475728,87.2881355932203390,12.7118644067796610
2023-09-23,Tablet,2021-04-02,false,949,6.3224446786090622,5.6902002107481560,7.2708113804004215,6.9546891464699684,6.5331928345626976,84.8484848484848485,15.1515151515151515
2023-09-23,Tablet,2021-04-02,false,949,6.3224446786090622,5.6902002107481560,7.2708113804004215,6.9546891464699684,6.5331928345626976,84.8484848484848485,15.1515151515151515
2023-09-23,Tablet,2021-04-02,false,949,6.3224446786090622,5.6902002107481560,7.2708113804004215,6.9546891464699684,6.5331928345626976,84.8484848484848485,15.1515151515151515
2023-09-23,Tablet,2021-04-02,false,949,6.3224446786090622,5.6902002107481560,7.2708113804004215,6.9546891464699684,6.5331928345626976,84.8484848484848485,15.1515151515151515
2023-09-23,Tablet,2021-04-02,false,949,6.3224446786090622,5.6902002107481560,7.2708113804004215,6.9546891464699684,6.5331928345626976,84.8484848484848485,15.1515151515151515
2023-09-23,Tablet,2021-04-02,false,949,6.3224446786090622,5.6902002107481560,7.2708113804004215,6.9546891464699684,6.5331928345626976,84.8484848484848485,15.1515151515151515
2023-09-23,Tablet,2021-04-02,false,949,6.3224446786090622,5.6902002107481560,7.2708113804004215,6.9546891464699684,6.5331928345626976,84.8484848484848485,15.1515151515151515
2023-09-23,Tablet,2021-04-02,false,949,6.3224446786090622,5.6902002107481560,7.2708113804004215,6.9546891464699684,6.5331928345626976,84.8484848484848485,15.1515151515151515
2023-09-23,Tablet,2021-04-02,false,949,6.3224446786090622,5.6902002107481560,7.2708113804004215,6.9546891464699684,6.5331928345626976,84.8484848484848485,15.1515151515151515
2023-09-23,Tablet,2021-04-02,false,949,6.3224446786090622,5.6902002107481560,7.2708113804004215,6.9546891464699684,6.5331928345626976,84.8484848484848485,15.1515151515151515
2023-09-23,Tablet,2021-04-02,false,949,6.3224446786090622,5.6902002107481560,7.2708113804004215,6.9546891464699684,6.5331928345626976,84.8484848484848485,15.1515151515151515
2023-09-23,Tablet,2021-04-02,false,949,6.3224446786090622,5.6902002107481560,7.2708113804004215,6.9546891464699684,6.5331928345626976,84.8484848484848485,15.1515151515151515
2023-09-23,Tablet,2021-04-02,false,949,6.3224446786090622,5.6902002107481560,7.2708113804004215,6.9546891464699684,6.5331928345626976,84.8484848484848485,15.1515151515151515
2023-09-23,Tablet,2021-04-02,false,949,6.3224446786090622,5.6902002107481560,7.2708113804004215,6.9546891464699684,6.5331928345626976,84.8484848484848485,15.1515151515151515
2023-09-23,Tablet,2021-04-02,false,949,6.3224446786090622,5.6902002107481560,7.2708113804004215,6.9546891464699684,6.5331928345626976,84.8484848484848485,15.1515151515151515
2023-09-23,Tablet,2021-04-02,false,949,6.3224446786090622,5.6902002107481560,7.2708113804004215,6.9546891464699684,6.5331928345626976,84.8484848484848485,15.1515151515151515
2023-09-23,T-shirt,2021-07-20,false,842,7.6009501187648456,5.4631828978622328,5.4631828978622328,7.9572446555819477,6.6508313539192399,83.2116788321167883,16.7883211678832117
2023-09-23,T-shirt,2021-07-20,false,842,7.6009501187648456,5.4631828978622328,5.4631828978622328,7.9572446555819477,6.6508313539192399,83.2116788321167883,16.7883211678832117
2023-09-23,T-shirt,2021-07-20,false,842,7.6009501187648456,5.4631828978622328,5.4631828978622328,7.9572446555819477,6.6508313539192399,83.2116788321167883,16.7883211678832117
2023-09-23,T-shirt,2021-07-20,false,842,7.6009501187648456,5.4631828978622328,5.4631828978622328,7.9572446555819477,6.6508313539192399,83.2116788321167883,16.7883211678832117
2023-09-23,T-shirt,2021-07-20,false,842,7.6009501187648456,5.4631828978622328,5.4631828978622328,7.9572446555819477,6.6508313539192399,83.2116788321167883,16.7883211678832117
2023-09-23,T-shirt,2021-07-20,false,842,7.6009501187648456,5.4631828978622328,5.4631828978622328,7.9572446555819477,6.6508313539192399,83.2116788321167883,16.7883211678832117
2023-09-23,T-shirt,2021-07-20,false,842,7.6009501187648456,5.4631828978622328,5.4631828978622328,7.9572446555819477,6.6508313539192399,83.2116788321167883,16.7883211678832117
2023-09-23,T-shirt,2021-07-20,false,842,7.6009501187648456,5.4631828978622328,5.4631828978622328,7.9572446555819477,6.6508313539192399,83.2116788321167883,16.7883211678832117
2023-09-23,T-shirt,2021-07-20,false,842,7.6009501187648456,5.4631828978622328,5.4631828978622328,7.9572446555819477,6.6508313539192399,83.2116788321167883,16.7883211678832117
2023-09-23,T-shirt,2021-07-20,false,842,7.6009501187648456,5.4631828978622328,5.4631828978622328,7.9572446555819477,6.6508313539192399,83.2116788321167883,16.7883211678832117
2023-09-23,T-shirt,2021-07-20,false,842,7.6009501187648456,5.4631828978622328,5.4631828978622328,7.9572446555819477,6.6508313539192399,83.2116788321167883,16.7883211678832117
2023-09-23,T-shirt,2021-07-20,false,842,7.6009501187648456,5.4631828978622328,5.4631828978622328,7.9572446555819477,6.6508313539192399,83.2116788321167883,16.7883211678832117
2023-09-23,T-shirt,2021-07-20,false,842,7.6009501187648456,5.4631828978622328,5.4631828978622328,7.9572446555819477,6.6508313539192399,83.2116788321167883,16.7883211678832117
2023-09-23,T-shirt,2021-07-20,false,842,7.6009501187648456,5.4631828978622328,5.4631828978622328,7.9572446555819477,6.6508313539192399,83.2116788321167883,16.7883211678832117
2023-09-23,T-shirt,2021-07-20,false,842,7.6009501187648456,5.4631828978622328,5.4631828978622328,7.9572446555819477,6.6508313539192399,83.2116788321167883,16.7883211678832117
2023-09-23,T-shirt,2021-07-20,false,842,7.6009501187648456,5.4631828978622328,5.4631828978622328,7.9572446555819477,6.6508313539192399,83.2116788321167883,16.7883211678832117
2023-09-23,T-shirt,2021-07-20,false,842,7.6009501187648456,5.4631828978622328,5.4631828978622328,7.9572446555819477,6.6508313539192399,83.2116788321167883,16.7883211678832117
2023-09-23,T-shirt,2021-07-20,false,842,7.6009501187648456,5.4631828978622328,5.4631828978622328,7.9572446555819477,6.6508313539192399,83.2116788321167883,16.7883211678832117
2023-09-23,T-shirt,2021-07-20,false,842,7.6009501187648456,5.4631828978622328,5.4631828978622328,7.9572446555819477,6.6508313539192399,83.2116788321167883,16.7883211678832117
2023-09-23,T-shirt,2021-07-20,false,842,7.6009501187648456,5.4631828978622328,5.4631828978622328,7.9572446555819477,6.6508313539192399,83.2116788321167883,16.7883211678832117
2023-09-23,T-shirt,2021-07-20,false,842,7.6009501187648456,5.4631828978622328,5.4631828978622328,7.9572446555819477,6.6508313539192399,83.2116788321167883,16.7883211678832117
2023-09-23,T-shirt,2021-07-20,false,842,7.6009501187648456,5.4631828978622328,5.4631828978622328,7.9572446555819477,6.6508313539192399,83.2116788321167883,16.7883211678832117
2023-09-23,T-shirt,2021-07-20,false,842,7.6009501187648456,5.4631828978622328,5.4631828978622328,7.9572446555819477,6.6508313539192399,83.2116788321167883,16.7883211678832117
2023-09-23,T-shirt,2021-07-20,false,842,7.6009501187648456,5.4631828978622328,5.4631828978622328,7.9572446555819477,6.6508313539192399,83.2116788321167883,16.7883211678832117
2023-09-23,T-shirt,2021-07-20,false,842,7.6009501187648456,5.4631828978622328,5.4631828978622328,7.9572446555819477,6.6508313539192399,83.2116788321167883,16.7883211678832117
2023-09-23,Underwear,2021-05-04,false,804,6.8407960199004975,6.5920398009950249,6.8407960199004975,6.4676616915422886,6.7164179104477612,78.2945736434108527,21.7054263565891473
2023-09-23,Underwear,2021-05-04,false,804,6.8407960199004975,6.5920398009950249,6.8407960199004975,6.4676616915422886,6.7164179104477612,78.2945736434108527,21.7054263565891473
2023-09-23,Underwear,2021-05-04,false,804,6.8407960199004975,6.5920398009950249,6.8407960199004975,6.4676616915422886,6.7164179104477612,78.2945736434108527,21.7054263565891473
2023-09-23,Underwear,2021-05-04,false,804,6.8407960199004975,6.5920398009950249,6.8407960199004975,6.4676616915422886,6.7164179104477612,78.2945736434108527,21.7054263565891473
2023-09-23,Underwear,2021-05-04,false,804,6.8407960199004975,6.5920398009950249,6.8407960199004975,6.4676616915422886,6.7164179104477612,78.2945736434108527,21.7054263565891473
2023-09-23,Underwear,2021-05-04,false,804,6.8407960199004975,6.5920398009950249,6.8407960199004975,6.4676616915422886,6.7164179104477612,78.2945736434108527,21.7054263565891473
2023-09-23,Underwear,2021-05-04,false,804,6.8407960199004975,6.5920398009950249,6.8407960199004975,6.4676616915422886,6.7164179104477612,78.2945736434108527,21.7054263565891473
2023-09-23,Underwear,2021-05-04,false,804,6.8407960199004975,6.5920398009950249,6.8407960199004975,6.4676616915422886,6.7164179104477612,78.2945736434108527,21.7054263565891473
2023-09-23,Underwear,2021-05-04,false,804,6.8407960199004975,6.5920398009950249,6.8407960199004975,6.4676616915422886,6.7164179104477612,78.2945736434108527,21.7054263565891473
2023-09-23,Underwear,2021-05-04,false,804,6.8407960199004975,6.5920398009950249,6.8407960199004975,6.4676616915422886,6.7164179104477612,78.2945736434108527,21.7054263565891473
2023-09-23,Underwear,2021-05-04,false,804,6.8407960199004975,6.5920398009950249,6.8407960199004975,6.4676616915422886,6.7164179104477612,78.2945736434108527,21.7054263565891473
2023-09-23,Underwear,2021-05-04,false,804,6.8407960199004975,6.5920398009950249,6.8407960199004975,6.4676616915422886,6.7164179104477612,78.2945736434108527,21.7054263565891473
2023-09-23,Underwear,2021-05-04,false,804,6.8407960199004975,6.5920398009950249,6.8407960199004975,6.4676616915422886,6.7164179104477612,78.2945736434108527,21.7054263565891473
2023-09-23,Underwear,2021-05-04,false,804,6.8407960199004975,6.5920398009950249,6.8407960199004975,6.4676616915422886,6.7164179104477612,78.2945736434108527,21.7054263565891473
2023-09-23,Underwear,2021-05-04,false,804,6.8407960199004975,6.5920398009950249,6.8407960199004975,6.4676616915422886,6.7164179104477612,78.2945736434108527,21.7054263565891473
2023-09-23,Underwear,2021-05-04,false,804,6.8407960199004975,6.5920398009950249,6.8407960199004975,6.4676616915422886,6.7164179104477612,78.2945736434108527,21.7054263565891473
2023-09-23,Wardrobe,2021-06-07,false,864,5.6712962962962963,6.8287037037037037,5.9027777777777778,7.6388888888888889,6.4814814814814815,85.0467289719626168,14.9532710280373832
2023-09-23,Wardrobe,2021-06-07,false,864,5.6712962962962963,6.8287037037037037,5.9027777777777778,7.6388888888888889,6.4814814814814815,85.0467289719626168,14.9532710280373832
2023-09-23,Wardrobe,2021-06-07,false,864,5.6712962962962963,6.8287037037037037,5.9027777777777778,7.6388888888888889,6.4814814814814815,85.0467289719626168,14.9532710280373832
2023-09-23,Wardrobe,2021-06-07,false,864,5.6712962962962963,6.8287037037037037,5.9027777777777778,7.6388888888888889,6.4814814814814815,85.0467289719626168,14.9532710280373832
2023-09-23,Wardrobe,2021-06-07,false,864,5.6712962962962963,6.8287037037037037,5.9027777777777778,7.6388888888888889,6.4814814814814815,85.0467289719626168,14.9532710280373832
2023-09-23,Wardrobe,2021-06-07,false,864,5.6712962962962963,6.8287037037037037,5.9027777777777778,7.6388888888888889,6.4814814814814815,85.0467289719626168,14.9532710280373832
2023-09-23,Wardrobe,2021-06-07,false,864,5.6712962962962963,6.8287037037037037,5.9027777777777778,7.6388888888888889,6.4814814814814815,85.0467289719626168,14.9532710280373832
2023-09-23,Wardrobe,2021-06-07,false,864,5.6712962962962963,6.8287037037037037,5.9027777777777778,7.6388888888888889,6.4814814814814815,85.0467289719626168,14.9532710280373832
2023-09-23,Wardrobe,2021-06-07,false,864,5.6712962962962963,6.8287037037037037,5.9027777777777778,7.6388888888888889,6.4814814814814815,85.0467289719626168,14.9532710280373832
2023-09-23,Wardrobe,2021-06-07,false,864,5.6712962962962963,6.8287037037037037,5.9027777777777778,7.6388888888888889,6.4814814814814815,85.0467289719626168,14.9532710280373832
2023-09-23,Wardrobe,2021-06-07,false,864,5.6712962962962963,6.8287037037037037,5.9027777777777778,7.6388888888888889,6.4814814814814815,85.0467289719626168,14.9532710280373832
2023-09-23,Wardrobe,2021-06-07,false,864,5.6712962962962963,6.8287037037037037,5.9027777777777778,7.6388888888888889,6.4814814814814815,85.0467289719626168,14.9532710280373832
2023-09-23,Wardrobe,2021-06-07,false,864,5.6712962962962963,6.8287037037037037,5.9027777777777778,7.6388888888888889,6.4814814814814815,85.0467289719626168,14.9532710280373832
2023-09-23,Wardrobe,2021-06-07,false,864,5.6712962962962963,6.8287037037037037,5.9027777777777778,7.6388888888888889,6.4814814814814815,85.0467289719626168,14.9532710280373832
2023-09-23,Wardrobe,2021-06-07,false,864,5.6712962962962963,6.8287037037037037,5.9027777777777778,7.6388888888888889,6.4814814814814815,85.0467289719626168,14.9532710280373832
2023-09-23,Wardrobe,2021-06-07,false,864,5.6712962962962963,6.8287037037037037,5.9027777777777778,7.6388888888888889,6.4814814814814815,85.0467289719626168,14.9532710280373832
